Date,Open,High,Low,Close,Volume
2024-07-02 13:49:00,234.02,234.4,233.69,234.04,17210
2024-07-02 13:50:00,233.88,233.98,232.43,232.92,31377
2024-07-02 13:51:00,232.91,233.9,232.87,233.8,10876
2024-07-02 13:52:00,233.96,234.09,233.5,233.68,17033
2024-07-02 13:53:00,233.45,234.18,233.45,233.99,7876
2024-07-02 13:54:00,234.08,234.47,233.91,234.19,13698
2024-07-02 13:55:00,233.9,234.1,232.7,232.88,19719
2024-07-02 13:56:00,232.88,233.65,232.32,233.54,19384
2024-07-02 13:57:00,233.68,233.97,233.55,233.55,10707
2024-07-02 13:58:00,233.93,233.93,233.19,233.4,10382
2024-07-02 13:59:00,233.28,233.48,233.03,233.12,7669
2024-07-02 14:00:00,233.12,233.12,231.8,232.41,13730
2024-07-02 14:01:00,232.1,233.02,232.1,232.75,8993
2024-07-02 14:02:00,232.51,233.0,232.33,233.0,6253
2024-07-02 14:03:00,233.01,233.85,233.01,233.85,15906
2024-07-02 14:04:00,233.75,234.49,233.49,234.26,18419
2024-07-02 14:05:00,234.25,234.97,234.0,234.08,25741
2024-07-02 14:06:00,234.01,234.11,233.31,233.47,9405
2024-07-02 14:07:00,233.65,233.85,233.18,233.63,5906
2024-07-02 14:08:00,233.61,233.87,233.28,233.62,18593
2024-07-02 14:09:00,233.54,233.64,232.88,232.88,21333
2024-07-02 14:10:00,232.65,232.66,231.51,231.74,25936
2024-07-02 14:11:00,231.54,231.9,230.84,231.46,19572
2024-07-02 14:12:00,231.21,231.21,230.2,230.68,18433
2024-07-02 14:13:00,230.64,231.24,230.26,231.02,20269
2024-07-02 14:14:00,231.0,231.22,230.3,230.42,16122
2024-07-02 14:15:00,230.25,230.52,229.8,230.0,26257
2024-07-02 14:16:00,230.16,230.83,229.85,230.16,18325
2024-07-02 14:17:00,230.14,230.97,230.14,230.97,8686
2024-07-02 14:18:00,231.0,231.09,230.56,230.85,8912
2024-07-02 14:19:00,230.78,230.78,229.9,230.63,46781
2024-07-02 14:20:00,230.75,230.89,230.25,230.25,12554
2024-07-02 14:21:00,230.06,230.15,229.69,229.69,15609
2024-07-02 14:22:00,229.78,230.5,229.76,230.05,13249
2024-07-02 14:23:00,230.43,230.97,230.14,230.18,16435
2024-07-02 14:24:00,230.05,230.06,229.78,229.95,10468
2024-07-02 14:25:00,230.02,230.99,229.8,230.98,10570
2024-07-02 14:26:00,230.75,230.84,229.55,230.02,20657
2024-07-02 14:27:00,229.82,230.36,229.64,230.22,7424
2024-07-02 14:28:00,230.16,230.54,229.83,230.52,8401
2024-07-02 14:29:00,230.55,230.77,230.16,230.46,10126
2024-07-02 14:30:00,230.47,231.32,230.47,231.29,13794
2024-07-02 14:31:00,231.24,231.4,230.68,230.95,11814
2024-07-02 14:32:00,230.68,230.72,229.82,230.38,10306
2024-07-02 14:33:00,230.23,230.31,229.9,230.29,6519
2024-07-02 14:34:00,230.22,230.22,229.91,230.01,3301
2024-07-02 14:35:00,230.08,230.2,229.56,229.71,11303
2024-07-02 14:36:00,229.89,230.15,229.58,229.58,6007
2024-07-02 14:37:00,229.68,229.68,229.11,229.35,21071
2024-07-02 14:38:00,229.4,229.4,228.8,228.88,26532
2024-07-02 14:39:00,229.0,229.04,228.63,229.0,13504
2024-07-02 14:40:00,228.97,229.91,228.97,229.15,11461
2024-07-02 14:41:00,229.04,229.62,229.04,229.53,5964
2024-07-02 14:42:00,229.68,229.68,228.73,228.73,17406
2024-07-02 14:43:00,228.75,229.03,228.63,229.0,16581
2024-07-02 14:44:00,229.02,229.11,228.68,228.69,11587
2024-07-02 14:45:00,228.66,229.35,228.55,229.35,14118
2024-07-02 14:46:00,229.22,230.15,229.07,229.24,14908
2024-07-02 14:47:00,229.26,229.32,229.06,229.24,9151
2024-07-02 14:48:00,229.23,229.37,228.93,229.26,6386
2024-07-02 14:49:00,229.36,229.63,229.28,229.4,8498
2024-07-02 14:50:00,229.43,229.89,229.3,229.89,4598
2024-07-02 14:51:00,229.79,230.15,229.55,229.55,9107
2024-07-02 14:52:00,229.66,229.66,229.63,229.63,2297
2024-07-02 14:53:00,229.56,230.24,229.53,230.06,6004
2024-07-02 14:54:00,230.1,230.42,229.87,230.42,4080
2024-07-02 14:55:00,230.42,230.42,229.98,230.17,4956
2024-07-02 14:56:00,229.94,230.18,229.94,230.18,3580
2024-07-02 14:57:00,230.0,230.4,230.0,230.29,4437
2024-07-02 14:58:00,230.46,230.58,230.29,230.42,11608
2024-07-02 14:59:00,230.42,230.56,230.12,230.29,6651
2024-07-02 15:00:00,230.29,230.4,230.16,230.27,9273
2024-07-02 15:01:00,230.5,230.68,230.49,230.68,5313
2024-07-02 15:02:00,230.71,230.93,230.55,230.93,7499
2024-07-02 15:03:00,230.63,231.03,230.33,230.33,14948
2024-07-02 15:04:00,230.54,230.7,230.27,230.43,4736
2024-07-02 15:05:00,230.53,230.69,230.39,230.39,4284
2024-07-02 15:06:00,230.5,230.7,230.3,230.66,8668
2024-07-02 15:07:00,230.7,230.82,230.31,230.44,5750
2024-07-02 15:08:00,230.44,230.63,230.29,230.39,2940
2024-07-02 15:09:00,230.52,230.53,230.34,230.34,4474
2024-07-02 15:10:00,230.24,230.55,230.24,230.48,2456
2024-07-02 15:11:00,230.45,230.76,230.36,230.6,5425
2024-07-02 15:12:00,230.51,230.77,230.5,230.66,4456
2024-07-02 15:13:00,230.56,230.75,230.33,230.33,4872
2024-07-02 15:14:00,230.46,230.46,229.89,230.28,8329
2024-07-02 15:15:00,230.44,230.9,230.44,230.63,9227
2024-07-02 15:16:00,230.83,230.83,230.27,230.54,2248
2024-07-02 15:17:00,230.55,230.66,230.27,230.54,9463
2024-07-02 15:18:00,230.54,230.67,230.46,230.65,2081
2024-07-02 15:19:00,230.74,230.8,230.57,230.6,4995
2024-07-02 15:20:00,230.6,230.66,230.12,230.28,9969
2024-07-02 15:21:00,230.2,230.24,229.69,229.89,12163
2024-07-02 15:22:00,229.99,230.07,229.85,230.0,12217
2024-07-02 15:23:00,230.18,230.38,230.11,230.19,34930
2024-07-02 15:24:00,230.03,230.71,230.03,230.34,9029
2024-07-02 15:25:00,230.49,230.52,230.44,230.52,1581
2024-07-02 15:26:00,230.39,230.51,230.05,230.05,2788
2024-07-02 15:27:00,230.06,230.06,229.75,229.9,7875
2024-07-02 15:28:00,229.69,229.81,229.5,229.81,7543
2024-07-02 15:29:00,229.77,229.88,229.6,229.74,3046
2024-07-02 15:30:00,229.56,230.09,229.56,230.02,3051
2024-07-02 15:31:00,230.02,230.15,229.89,230.03,5359
2024-07-02 15:32:00,230.14,230.14,229.48,229.48,4405
2024-07-02 15:33:00,229.47,229.53,228.8,228.95,13853
2024-07-02 15:34:00,228.92,229.08,228.77,228.97,6373
2024-07-02 15:35:00,228.99,229.27,228.85,229.26,8323
2024-07-02 15:36:00,229.43,229.6,229.31,229.6,8553
2024-07-02 15:37:00,229.56,229.7,229.44,229.5,2827
2024-07-02 15:38:00,229.48,229.6,229.35,229.52,3334
2024-07-02 15:39:00,229.65,229.71,229.42,229.42,5488
2024-07-02 15:40:00,229.47,229.58,229.37,229.41,5424
2024-07-02 15:41:00,229.52,229.52,229.26,229.37,6528
2024-07-02 15:42:00,229.35,229.41,229.24,229.41,4246
2024-07-02 15:43:00,229.44,229.45,229.07,229.25,4705
2024-07-02 15:44:00,229.36,229.36,228.32,228.41,19490
2024-07-02 15:45:00,228.5,228.58,228.31,228.5,5766
2024-07-02 15:46:00,228.4,228.46,228.06,228.25,9477
2024-07-02 15:47:00,228.18,228.56,228.08,228.54,10751
2024-07-02 15:48:00,228.46,228.48,228.14,228.14,4377
2024-07-02 15:49:00,228.12,228.24,228.05,228.18,6819
2024-07-02 15:50:00,228.09,228.33,227.71,227.88,17981
2024-07-02 15:51:00,227.88,228.28,227.88,228.16,13515
2024-07-02 15:52:00,228.24,228.41,228.12,228.37,3243
2024-07-02 15:53:00,228.47,228.58,228.2,228.39,8761
2024-07-02 15:54:00,228.18,228.23,228.0,228.2,5540
2024-07-02 15:55:00,228.16,228.18,227.88,228.01,10406
2024-07-02 15:56:00,228.02,228.27,227.8,228.16,12528
2024-07-02 15:57:00,228.17,228.17,227.77,227.94,5622
2024-07-02 15:58:00,227.83,227.96,227.73,227.96,3213
2024-07-02 15:59:00,227.78,227.78,227.53,227.75,11379
2024-07-02 16:00:00,227.79,227.89,227.32,227.32,7483
2024-07-02 16:01:00,227.38,227.4,227.21,227.25,5675
2024-07-02 16:02:00,227.29,227.56,227.29,227.54,13330
2024-07-02 16:03:00,227.62,227.72,227.58,227.64,4979
2024-07-02 16:04:00,227.62,227.77,227.43,227.77,4305
2024-07-02 16:05:00,227.77,228.0,227.71,227.98,7751
2024-07-02 16:06:00,227.98,228.06,227.57,227.78,11003
2024-07-02 16:07:00,227.75,227.78,227.5,227.5,4164
2024-07-02 16:08:00,227.47,227.58,227.25,227.32,6980
2024-07-02 16:09:00,227.33,227.44,227.14,227.2,7527
2024-07-02 16:10:00,227.16,227.24,226.82,226.82,21723
2024-07-02 16:11:00,226.85,227.19,226.85,227.09,9133
2024-07-02 16:12:00,227.22,227.29,227.06,227.15,5202
2024-07-02 16:13:00,227.03,227.26,226.96,227.26,2292
2024-07-02 16:14:00,227.23,227.33,227.16,227.25,5067
2024-07-02 16:15:00,227.3,227.53,227.21,227.36,11548
2024-07-02 16:16:00,227.29,227.35,227.16,227.23,7322
2024-07-02 16:17:00,227.22,227.36,227.17,227.34,5452
2024-07-02 16:18:00,227.18,227.4,227.12,227.4,4627
2024-07-02 16:19:00,227.45,227.53,227.18,227.46,9836
2024-07-02 16:20:00,227.47,227.47,227.14,227.19,4890
2024-07-02 16:21:00,227.36,227.55,227.36,227.55,2127
2024-07-02 16:22:00,227.46,227.56,227.36,227.42,3773
2024-07-02 16:23:00,227.51,227.58,227.2,227.2,8723
2024-07-02 16:24:00,227.17,227.28,227.05,227.28,5931
2024-07-02 16:25:00,227.19,227.19,227.02,227.17,6441
2024-07-02 16:26:00,227.16,227.21,227.0,227.1,7255
2024-07-02 16:27:00,227.2,227.38,227.2,227.38,3378
2024-07-02 16:28:00,227.38,227.51,227.22,227.34,9617
2024-07-02 16:29:00,227.38,227.4,227.25,227.25,7502
2024-07-02 16:30:00,227.26,227.32,227.07,227.19,4130
2024-07-02 16:31:00,227.13,227.16,227.0,227.13,8969
2024-07-02 16:32:00,227.2,227.27,227.07,227.13,3466
2024-07-02 16:33:00,227.3,227.3,227.13,227.27,2144
2024-07-02 16:34:00,227.16,227.43,227.1,227.27,8320
2024-07-02 16:35:00,227.28,227.28,227.09,227.12,3084
2024-07-02 16:36:00,227.22,227.52,227.22,227.3,5613
2024-07-02 16:37:00,227.33,227.33,226.85,226.95,9650
2024-07-02 16:38:00,226.88,226.9,226.33,226.85,17756
2024-07-02 16:39:00,226.75,227.09,226.68,226.85,6442
2024-07-02 16:40:00,226.88,226.92,226.53,226.53,9369
2024-07-02 16:41:00,226.72,226.83,226.44,226.75,5619
2024-07-02 16:42:00,226.63,227.05,226.63,226.9,4402
2024-07-02 16:43:00,226.82,227.0,226.7,226.95,4061
2024-07-02 16:44:00,227.0,227.04,226.66,226.66,7358
2024-07-02 16:45:00,226.66,226.7,226.32,226.59,6867
2024-07-02 16:46:00,226.64,226.76,226.47,226.76,3589
2024-07-02 16:47:00,226.76,227.04,226.76,226.97,9393
2024-07-02 16:48:00,226.92,227.16,226.9,227.03,6852
2024-07-02 16:49:00,227.09,227.15,226.89,227.04,7614
2024-07-02 16:50:00,227.07,227.15,226.84,226.9,4616
2024-07-02 16:51:00,227.0,227.16,226.77,226.78,5023
2024-07-02 16:52:00,226.9,227.06,226.58,226.73,5172
2024-07-02 16:53:00,226.75,226.92,226.65,226.91,2859
2024-07-02 16:54:00,226.92,226.92,226.86,226.86,2183
2024-07-02 16:55:00,226.79,226.81,226.65,226.65,2981
2024-07-02 16:56:00,226.7,226.97,226.7,226.97,3843
2024-07-02 16:57:00,226.97,227.1,226.8,227.1,5507
2024-07-02 16:58:00,227.12,227.35,227.08,227.3,13014
2024-07-02 16:59:00,227.35,227.4,227.19,227.34,7428
2024-07-02 17:00:00,227.29,227.3,227.08,227.25,6146
2024-07-02 17:01:00,227.35,227.46,227.32,227.4,3596
2024-07-02 17:02:00,227.3,227.44,227.23,227.44,5017
2024-07-02 17:03:00,227.35,227.5,227.21,227.22,4526
2024-07-02 17:04:00,227.21,227.39,227.16,227.39,2623
2024-07-02 17:05:00,227.25,227.28,227.17,227.17,2827
2024-07-02 17:06:00,227.32,227.36,227.12,227.12,2895
2024-07-02 17:07:00,227.27,227.27,226.94,226.94,5498
2024-07-02 17:08:00,227.05,227.05,226.7,227.01,9525
2024-07-02 17:09:00,227.02,227.23,226.83,227.23,4343
2024-07-02 17:10:00,227.25,227.34,227.1,227.34,5072
2024-07-02 17:11:00,227.28,227.35,227.0,227.23,4807
2024-07-02 17:12:00,227.23,227.46,227.23,227.4,6274
2024-07-02 17:13:00,227.48,227.7,227.48,227.7,5385
2024-07-02 17:14:00,227.68,227.69,227.55,227.6,4732
2024-07-02 17:15:00,227.6,227.6,227.3,227.48,4228
2024-07-02 17:16:00,227.6,227.68,227.25,227.25,3959
2024-07-02 17:17:00,227.22,227.26,227.11,227.11,2763
2024-07-02 17:18:00,227.17,227.41,227.17,227.38,5082
2024-07-02 17:19:00,227.62,227.71,227.32,227.59,3595
2024-07-02 17:20:00,227.68,227.98,227.59,227.9,10193
2024-07-02 17:21:00,227.98,228.03,227.83,227.93,6437
2024-07-02 17:22:00,227.94,228.01,227.8,227.8,3656
2024-07-02 17:23:00,227.77,227.87,227.67,227.82,1439
2024-07-02 17:24:00,227.76,227.87,227.7,227.73,3790
2024-07-02 17:25:00,227.71,227.89,227.71,227.75,4538
2024-07-02 17:26:00,227.86,228.03,227.86,227.89,3647
2024-07-02 17:27:00,227.98,227.98,227.39,227.4,7415
2024-07-02 17:28:00,227.56,227.74,227.56,227.74,1403
2024-07-02 17:29:00,227.74,227.78,227.57,227.68,3540
2024-07-02 17:30:00,227.67,227.68,227.36,227.4,5396
2024-07-02 17:31:00,227.31,227.6,227.31,227.35,1907
2024-07-02 17:32:00,227.51,227.53,227.21,227.32,2258
2024-07-02 17:33:00,227.53,227.64,227.42,227.53,7855
2024-07-02 17:34:00,227.58,227.71,227.43,227.5,3952
2024-07-02 17:35:00,227.47,227.65,227.41,227.41,1151
2024-07-02 17:36:00,227.5,227.63,227.4,227.5,3188
2024-07-02 17:37:00,227.5,227.5,227.31,227.39,2287
2024-07-02 17:38:00,227.31,227.37,227.14,227.37,4360
2024-07-02 17:39:00,227.44,227.9,227.44,227.85,12168
2024-07-02 17:40:00,227.76,228.21,227.76,228.03,12920
2024-07-02 17:41:00,227.94,228.11,227.69,227.74,6456
2024-07-02 17:42:00,227.62,227.87,227.58,227.75,3613
2024-07-02 17:43:00,227.64,227.86,227.64,227.69,3862
2024-07-02 17:44:00,227.6,227.75,227.6,227.67,1761
2024-07-02 17:45:00,227.74,227.74,227.56,227.64,2403
2024-07-02 17:46:00,227.64,227.8,227.64,227.8,3931
2024-07-02 17:47:00,227.78,227.99,227.75,227.88,8226
2024-07-02 17:48:00,227.99,228.46,227.96,228.46,9475
2024-07-02 17:49:00,228.31,228.64,228.31,228.61,11809
2024-07-02 17:50:00,228.6,229.47,228.6,229.22,35801
2024-07-02 17:51:00,229.3,229.44,228.8,228.81,14223
2024-07-02 17:52:00,228.93,229.28,228.62,228.62,9848
2024-07-02 17:53:00,228.98,228.98,228.51,228.78,4386
2024-07-02 17:54:00,228.88,229.05,228.73,229.05,5325
2024-07-02 17:55:00,229.09,229.38,228.87,229.26,6738
2024-07-02 17:56:00,229.4,229.49,229.21,229.38,5674
2024-07-02 17:57:00,229.32,229.61,229.25,229.6,7074
2024-07-02 17:58:00,229.6,229.6,229.43,229.57,5650
2024-07-02 17:59:00,229.56,229.56,229.15,229.32,9520
2024-07-02 18:00:00,229.38,229.53,229.24,229.5,3970
2024-07-02 18:01:00,229.44,229.49,229.38,229.39,3235
2024-07-02 18:02:00,229.38,229.5,229.34,229.44,5067
2024-07-02 18:03:00,229.4,229.44,229.31,229.4,2444
2024-07-02 18:04:00,229.29,229.63,229.29,229.51,22071
2024-07-02 18:05:00,229.4,229.67,229.4,229.64,4676
2024-07-02 18:06:00,229.5,229.66,229.5,229.5,3223
2024-07-02 18:07:00,229.56,229.56,229.47,229.53,2534
2024-07-02 18:08:00,229.43,229.6,229.43,229.43,3340
2024-07-02 18:09:00,229.52,229.52,229.14,229.32,7975
2024-07-02 18:10:00,229.2,229.31,229.17,229.31,3795
2024-07-02 18:11:00,229.37,229.37,229.25,229.32,2067
2024-07-02 18:12:00,229.32,229.59,229.2,229.52,5344
2024-07-02 18:13:00,229.51,229.6,229.35,229.6,5983
2024-07-02 18:14:00,229.5,229.65,229.41,229.43,5615
2024-07-02 18:15:00,229.51,229.62,229.36,229.41,4124
2024-07-02 18:16:00,229.41,229.41,229.25,229.25,2486
2024-07-02 18:17:00,229.25,229.34,229.25,229.28,2486
2024-07-02 18:18:00,229.28,229.28,228.77,229.0,9683
2024-07-02 18:19:00,229.14,229.17,228.95,228.96,2422
2024-07-02 18:20:00,229.0,229.25,228.96,229.07,4496
2024-07-02 18:21:00,229.09,229.58,229.09,229.58,3350
2024-07-02 18:22:00,229.65,229.65,229.42,229.52,4566
2024-07-02 18:23:00,229.55,229.86,229.55,229.76,6521
2024-07-02 18:24:00,229.81,230.0,229.77,229.96,10358
2024-07-02 18:25:00,229.9,230.0,229.63,229.69,15905
2024-07-02 18:26:00,229.68,229.68,229.55,229.55,2324
2024-07-02 18:27:00,229.65,229.65,229.44,229.44,1369
2024-07-02 18:28:00,229.45,229.55,229.45,229.5,2558
2024-07-02 18:29:00,229.4,229.45,229.25,229.44,3003
2024-07-02 18:30:00,229.27,229.59,229.27,229.29,2999
2024-07-02 18:31:00,229.14,229.42,229.14,229.25,12509
2024-07-02 18:32:00,229.3,229.4,229.12,229.39,7142
2024-07-02 18:33:00,229.43,229.55,229.35,229.36,5743
2024-07-02 18:34:00,229.46,229.46,229.1,229.15,5450
2024-07-02 18:35:00,229.21,229.38,229.21,229.38,1337
2024-07-02 18:36:00,229.27,229.29,229.26,229.26,871
2024-07-02 18:37:00,229.11,229.36,229.11,229.36,2714
2024-07-02 18:38:00,229.28,229.38,229.28,229.3,1474
2024-07-02 18:39:00,229.3,229.3,229.0,229.06,7663
2024-07-02 18:40:00,228.94,229.04,228.81,229.0,6786
2024-07-02 18:41:00,228.99,229.0,228.99,229.0,3015
2024-07-02 18:42:00,229.11,229.17,229.11,229.11,1831
2024-07-02 18:43:00,229.26,229.3,229.17,229.3,4129
2024-07-02 18:44:00,229.29,229.52,229.28,229.52,3928
2024-07-02 18:45:00,229.68,229.93,229.56,229.9,9318
2024-07-02 18:46:00,229.84,230.04,229.76,229.9,29459
2024-07-02 18:47:00,229.94,230.0,229.86,230.0,2553
2024-07-02 18:48:00,229.84,229.9,229.76,229.88,3484
2024-07-02 18:49:00,229.99,229.99,229.78,229.8,1168
2024-07-02 18:50:00,229.78,229.86,229.76,229.76,3393
2024-07-02 18:51:00,229.76,229.83,229.64,229.76,15424
2024-07-02 18:52:00,229.67,229.77,229.67,229.7,929
2024-07-02 18:53:00,229.79,229.87,229.71,229.78,1768
2024-07-02 18:54:00,229.7,229.9,229.7,229.9,4397
2024-07-02 18:55:00,229.96,229.96,229.88,229.88,984
2024-07-02 18:56:00,230.0,230.1,229.98,230.07,7376
2024-07-02 18:57:00,230.06,230.06,229.92,229.93,3225
2024-07-02 18:58:00,229.92,229.92,229.67,229.67,4674
2024-07-02 18:59:00,229.69,229.93,229.65,229.77,4105
2024-07-02 19:00:00,229.78,230.05,229.78,230.0,4814
2024-07-02 19:01:00,229.94,230.0,229.8,230.0,2255
2024-07-02 19:02:00,230.0,230.0,229.61,229.78,14133
2024-07-02 19:03:00,229.74,229.84,229.07,229.07,11740
2024-07-02 19:04:00,229.35,229.35,229.01,229.2,3018
2024-07-02 19:05:00,229.19,229.25,229.05,229.25,1449
2024-07-02 19:06:00,229.14,229.24,229.06,229.14,2848
2024-07-02 19:07:00,229.14,229.35,229.14,229.31,3685
2024-07-02 19:08:00,229.27,229.37,229.0,229.09,4153
2024-07-02 19:09:00,229.27,229.32,229.14,229.14,1357
2024-07-02 19:10:00,229.16,229.16,229.0,229.02,4122
2024-07-02 19:11:00,229.12,229.15,228.94,228.94,2881
2024-07-02 19:12:00,228.9,228.96,228.88,228.94,1837
2024-07-02 19:13:00,228.88,229.25,228.82,229.15,7858
2024-07-02 19:14:00,229.16,229.55,229.07,229.51,6522
2024-07-02 19:15:00,229.45,229.45,229.08,229.14,4028
2024-07-02 19:16:00,229.2,229.2,229.0,229.03,1944
2024-07-02 19:17:00,229.0,229.3,229.0,229.09,3780
2024-07-02 19:18:00,229.33,229.33,229.11,229.18,4084
2024-07-02 19:19:00,229.27,229.42,229.09,229.42,5164
2024-07-02 19:20:00,229.42,229.42,229.2,229.29,1662
2024-07-02 19:21:00,229.42,229.42,229.22,229.32,3890
2024-07-02 19:22:00,229.24,229.39,229.2,229.39,2521
2024-07-02 19:23:00,229.47,229.67,229.43,229.53,5728
2024-07-02 19:24:00,229.48,229.55,229.35,229.46,4472
2024-07-02 19:25:00,229.55,229.6,229.43,229.59,2522
2024-07-02 19:26:00,229.59,229.59,229.43,229.43,3255
2024-07-02 19:27:00,229.42,229.42,229.24,229.26,2504
2024-07-02 19:28:00,229.44,229.44,229.24,229.28,2223
2024-07-02 19:29:00,229.3,229.33,229.17,229.28,3580
2024-07-02 19:30:00,229.31,229.47,229.25,229.42,4033
2024-07-02 19:31:00,229.43,229.65,229.43,229.65,3482
2024-07-02 19:32:00,229.63,229.72,229.51,229.6,14759
2024-07-02 19:33:00,229.58,229.62,229.53,229.62,2506
2024-07-02 19:34:00,229.54,229.65,229.37,229.38,2754
2024-07-02 19:35:00,229.21,229.3,229.1,229.3,5776
2024-07-02 19:36:00,229.3,229.6,229.22,229.46,9185
2024-07-02 19:37:00,229.55,229.6,229.49,229.49,3525
2024-07-02 19:38:00,229.48,229.69,229.48,229.62,7610
2024-07-02 19:39:00,229.54,230.1,229.54,229.82,29330
2024-07-02 19:40:00,229.8,230.05,229.75,229.9,6509
2024-07-02 19:41:00,229.81,229.91,229.6,229.8,8405
2024-07-02 19:42:00,229.75,229.9,229.6,229.67,3623
2024-07-02 19:43:00,229.78,229.93,229.75,229.76,7043
2024-07-02 19:44:00,229.94,229.97,229.6,229.6,16309
2024-07-02 19:45:00,229.55,229.59,229.27,229.32,8590
2024-07-02 19:46:00,229.28,229.32,228.81,228.92,12427
2024-07-02 19:47:00,228.86,228.92,228.63,228.63,16980
2024-07-02 19:48:00,228.77,228.94,228.66,228.76,7220
2024-07-02 19:49:00,228.66,228.66,228.16,228.16,17286
2024-07-02 19:50:00,228.16,228.31,228.02,228.11,11375
2024-07-02 19:51:00,228.24,228.27,227.39,227.44,36999
2024-07-02 19:52:00,227.45,227.75,227.33,227.71,30545
2024-07-02 19:53:00,227.66,227.84,227.43,227.77,26161
2024-07-02 19:54:00,227.64,227.88,227.51,227.73,31186
2024-07-02 19:55:00,227.61,227.8,227.31,227.42,24905
2024-07-02 19:56:00,227.46,227.66,227.45,227.61,15559
2024-07-02 19:57:00,227.53,227.62,227.21,227.48,43016
2024-07-02 19:58:00,227.4,227.58,227.35,227.49,50449
2024-07-02 19:59:00,227.58,227.67,227.42,227.49,84024
2024-07-03 13:30:00,223.81,225.98,223.41,225.0,118038
2024-07-03 13:31:00,224.7,225.18,224.1,224.65,39625
2024-07-03 13:32:00,224.69,224.69,223.5,223.5,31449
2024-07-03 13:33:00,223.51,224.1,223.03,223.61,43204
2024-07-03 13:34:00,223.63,224.31,222.91,223.0,31024
2024-07-03 13:35:00,222.92,223.54,222.22,223.1,30486
2024-07-03 13:36:00,223.19,223.48,222.73,223.04,17577
2024-07-03 13:37:00,223.24,224.27,223.1,223.8,23673
2024-07-03 13:38:00,224.17,224.97,224.17,224.31,19788
2024-07-03 13:39:00,224.24,224.78,224.14,224.72,14137
2024-07-03 13:40:00,224.85,225.35,224.5,225.18,21543
2024-07-03 13:41:00,225.15,225.41,224.3,224.56,33933
2024-07-03 13:42:00,224.43,224.43,223.5,224.12,17033
2024-07-03 13:43:00,224.3,224.48,224.1,224.37,4143
2024-07-03 13:44:00,224.34,225.18,224.23,225.18,13081
2024-07-03 13:45:00,225.15,225.44,224.85,224.85,19139
2024-07-03 13:46:00,224.85,225.68,224.85,225.65,17488
2024-07-03 13:47:00,225.6,225.68,224.63,225.36,29916
2024-07-03 13:48:00,225.11,225.3,224.51,225.15,14734
2024-07-03 13:49:00,225.04,225.43,224.88,225.34,5662
2024-07-03 13:50:00,225.16,225.47,225.02,225.24,8885
2024-07-03 13:51:00,225.41,225.71,225.2,225.59,10327
2024-07-03 13:52:00,225.59,225.81,224.6,224.96,33869
2024-07-03 13:53:00,224.92,225.51,224.65,225.24,15470
2024-07-03 13:54:00,225.12,225.33,224.79,224.79,7659
2024-07-03 13:55:00,224.85,225.2,224.39,225.09,19271
2024-07-03 13:56:00,225.04,225.59,224.89,225.5,17108
2024-07-03 13:57:00,225.37,225.56,225.02,225.24,13965
2024-07-03 13:58:00,225.16,225.33,225.03,225.23,2250
2024-07-03 13:59:00,225.15,225.55,224.82,225.48,16229
2024-07-03 14:00:00,225.59,226.2,224.55,224.67,41310
2024-07-03 14:01:00,224.67,225.26,224.67,225.16,10622
2024-07-03 14:02:00,224.99,225.16,224.49,225.16,15653
2024-07-03 14:03:00,225.1,225.1,224.43,224.52,14381
2024-07-03 14:04:00,224.67,225.0,224.26,224.95,14740
2024-07-03 14:05:00,224.9,225.73,224.81,225.48,12274
2024-07-03 14:06:00,225.39,226.01,225.32,225.76,17723
2024-07-03 14:07:00,225.57,225.57,225.25,225.4,12017
2024-07-03 14:08:00,225.57,226.59,225.17,226.49,25245
2024-07-03 14:09:00,226.2,226.45,225.24,225.52,14016
2024-07-03 14:10:00,225.56,226.2,225.55,226.18,5822
2024-07-03 14:11:00,226.25,226.87,225.5,225.53,32047
2024-07-03 14:12:00,225.34,225.72,225.0,225.4,8473
2024-07-03 14:13:00,225.34,225.97,225.1,225.72,7041
2024-07-03 14:14:00,225.68,226.15,225.68,225.81,6065
2024-07-03 14:15:00,225.82,226.11,225.63,225.87,6594
2024-07-03 14:16:00,226.14,226.49,226.0,226.31,9521
2024-07-03 14:17:00,226.18,226.35,226.02,226.16,4133
2024-07-03 14:18:00,226.14,226.4,226.01,226.17,11391
2024-07-03 14:19:00,226.23,226.33,226.16,226.24,3497
2024-07-03 14:20:00,226.28,226.8,226.28,226.45,15152
2024-07-03 14:21:00,226.44,227.11,226.44,226.72,28497
2024-07-03 14:22:00,226.63,226.63,225.5,225.83,26117
2024-07-03 14:23:00,225.86,226.47,225.86,226.23,6711
2024-07-03 14:24:00,226.44,226.8,226.44,226.8,3376
2024-07-03 14:25:00,226.7,226.88,226.1,226.18,8600
2024-07-03 14:26:00,226.21,226.38,225.83,226.38,7942
2024-07-03 14:27:00,226.52,226.52,225.74,225.74,8836
2024-07-03 14:28:00,225.7,225.92,225.5,225.75,6435
2024-07-03 14:29:00,225.77,225.88,225.62,225.78,4935
2024-07-03 14:30:00,225.68,225.68,225.3,225.54,12609
2024-07-03 14:31:00,225.59,225.72,225.26,225.72,8590
2024-07-03 14:32:00,225.39,225.72,225.26,225.47,8901
2024-07-03 14:33:00,225.39,225.95,225.39,225.69,8439
2024-07-03 14:34:00,225.9,226.15,225.72,226.15,16294
2024-07-03 14:35:00,225.92,226.11,225.38,225.38,9458
2024-07-03 14:36:00,225.28,225.32,224.86,225.1,13962
2024-07-03 14:37:00,225.1,225.22,224.37,224.57,25192
2024-07-03 14:38:00,224.5,224.85,224.41,224.83,8127
2024-07-03 14:39:00,224.85,224.85,224.04,224.06,24831
2024-07-03 14:40:00,224.05,224.3,223.62,223.8,22004
2024-07-03 14:41:00,223.87,224.05,223.7,223.8,12287
2024-07-03 14:42:00,223.67,224.06,223.57,223.84,11631
2024-07-03 14:43:00,223.8,224.0,223.75,223.98,8674
2024-07-03 14:44:00,224.04,224.23,223.99,224.0,4312
2024-07-03 14:45:00,224.25,224.26,223.53,223.66,11413
2024-07-03 14:46:00,223.65,224.19,223.6,223.93,17498
2024-07-03 14:47:00,223.99,224.32,223.92,223.92,9239
2024-07-03 14:48:00,223.9,224.14,223.78,223.95,6131
2024-07-03 14:49:00,223.95,224.53,223.94,224.4,5839
2024-07-03 14:50:00,224.55,224.88,224.52,224.87,5463
2024-07-03 14:51:00,224.96,225.2,224.87,224.9,10514
2024-07-03 14:52:00,224.87,225.06,224.71,224.98,12050
2024-07-03 14:53:00,225.06,225.25,225.05,225.23,5472
2024-07-03 14:54:00,225.18,225.18,224.88,225.11,3582
2024-07-03 14:55:00,225.11,225.33,225.0,225.33,4226
2024-07-03 14:56:00,225.3,225.66,225.13,225.44,20828
2024-07-03 14:57:00,225.37,225.48,224.86,224.86,10919
2024-07-03 14:58:00,224.86,224.86,224.5,224.5,8039
2024-07-03 14:59:00,224.44,224.63,224.32,224.32,10747
2024-07-03 15:00:00,224.2,224.2,223.84,224.05,7833
2024-07-03 15:01:00,224.04,224.08,223.07,223.21,53300
2024-07-03 15:02:00,223.17,223.21,222.4,222.66,29366
2024-07-03 15:03:00,222.6,223.24,222.4,223.1,16716
2024-07-03 15:04:00,223.15,223.39,222.98,223.0,15665
2024-07-03 15:05:00,222.96,222.99,222.58,222.69,8161
2024-07-03 15:06:00,222.66,223.0,222.58,222.92,10320
2024-07-03 15:07:00,223.03,223.13,222.54,222.6,9424
2024-07-03 15:08:00,222.56,222.72,222.4,222.69,12969
2024-07-03 15:09:00,222.55,222.9,222.55,222.74,8645
2024-07-03 15:10:00,222.9,222.94,222.55,222.6,12264
2024-07-03 15:11:00,222.6,223.06,222.6,222.74,10057
2024-07-03 15:12:00,222.95,223.42,222.95,223.13,28695
2024-07-03 15:13:00,223.19,223.63,223.19,223.6,8520
2024-07-03 15:14:00,223.7,224.0,223.7,223.9,7857
2024-07-03 15:15:00,223.92,224.1,223.86,224.1,8457
2024-07-03 15:16:00,224.08,224.14,223.7,223.93,6626
2024-07-03 15:17:00,223.93,223.98,223.51,223.62,6739
2024-07-03 15:18:00,223.62,223.75,223.47,223.75,12177
2024-07-03 15:19:00,223.63,223.64,223.45,223.47,4543
2024-07-03 15:20:00,223.41,223.5,223.14,223.4,8234
2024-07-03 15:21:00,223.5,223.78,223.5,223.74,11449
2024-07-03 15:22:00,223.66,223.75,223.43,223.55,7774
2024-07-03 15:23:00,223.48,223.65,223.31,223.65,3707
2024-07-03 15:24:00,223.65,223.9,223.54,223.72,6179
2024-07-03 15:25:00,223.79,223.87,223.43,223.43,9481
2024-07-03 15:26:00,223.68,223.76,223.68,223.68,1914
2024-07-03 15:27:00,223.68,224.19,223.68,224.18,13211
2024-07-03 15:28:00,224.12,224.6,224.1,224.59,13107
2024-07-03 15:29:00,224.39,224.64,223.88,223.88,14404
2024-07-03 15:30:00,223.75,223.99,223.64,223.65,6700
2024-07-03 15:31:00,223.79,224.0,223.79,223.82,4553
2024-07-03 15:32:00,223.9,224.1,223.9,223.99,2491
2024-07-03 15:33:00,223.99,223.99,223.55,223.76,10290
2024-07-03 15:34:00,223.65,223.75,223.45,223.55,6619
2024-07-03 15:35:00,223.42,223.68,223.42,223.65,12817
2024-07-03 15:36:00,223.65,223.65,223.15,223.27,8437
2024-07-03 15:37:00,223.11,223.38,222.75,223.03,17173
2024-07-03 15:38:00,223.12,223.24,222.95,222.96,4458
2024-07-03 15:39:00,222.96,223.23,222.96,223.13,6588
2024-07-03 15:40:00,223.08,223.25,223.02,223.17,12934
2024-07-03 15:41:00,223.01,223.23,222.72,222.99,9994
2024-07-03 15:42:00,222.95,223.18,222.85,223.07,8194
2024-07-03 15:43:00,223.15,223.63,223.09,223.37,17684
2024-07-03 15:44:00,223.34,223.52,223.27,223.5,4868
2024-07-03 15:45:00,223.37,223.59,223.37,223.55,6637
2024-07-03 15:46:00,223.5,223.6,223.39,223.43,4239
2024-07-03 15:47:00,223.45,223.48,223.28,223.48,7420
2024-07-03 15:48:00,223.54,223.54,222.99,223.14,6892
2024-07-03 15:49:00,223.22,223.32,223.02,223.32,1730
2024-07-03 15:50:00,223.34,223.5,223.15,223.48,8010
2024-07-03 15:51:00,223.17,223.65,223.17,223.5,5196
2024-07-03 15:52:00,223.65,223.68,223.47,223.58,5572
2024-07-03 15:53:00,223.64,223.64,223.5,223.54,2911
2024-07-03 15:54:00,223.56,223.56,223.31,223.48,4935
2024-07-03 15:55:00,223.47,223.47,222.81,222.88,27805
2024-07-03 15:56:00,222.82,223.28,222.82,223.28,13992
2024-07-03 15:57:00,223.18,223.2,222.8,223.11,7650
2024-07-03 15:58:00,223.28,223.3,223.1,223.19,3720
2024-07-03 15:59:00,223.2,223.3,223.01,223.24,6156
2024-07-03 16:00:00,223.2,223.24,223.0,223.17,7271
2024-07-03 16:01:00,223.15,223.39,223.15,223.3,3148
2024-07-03 16:02:00,223.28,223.75,223.28,223.75,8269
2024-07-03 16:03:00,223.75,223.86,223.68,223.72,6208
2024-07-03 16:04:00,223.7,223.84,223.6,223.84,2956
2024-07-03 16:05:00,223.84,223.94,223.74,223.77,7160
2024-07-03 16:06:00,223.77,223.88,223.76,223.88,4910
2024-07-03 16:07:00,223.97,224.46,223.97,224.46,14112
2024-07-03 16:08:00,224.46,224.54,224.19,224.2,10379
2024-07-03 16:09:00,224.2,224.41,224.17,224.33,2950
2024-07-03 16:10:00,224.44,224.67,224.44,224.67,4343
2024-07-03 16:11:00,224.64,224.84,224.5,224.83,9912
2024-07-03 16:12:00,224.78,225.34,224.78,224.9,27250
2024-07-03 16:13:00,224.84,224.95,224.59,224.68,5597
2024-07-03 16:14:00,224.74,225.08,224.34,224.86,31739
2024-07-03 16:15:00,224.82,224.9,224.69,224.81,18173
2024-07-03 16:16:00,224.81,225.01,224.81,224.93,5984
2024-07-03 16:17:00,225.02,225.39,224.98,225.29,7705
2024-07-03 16:18:00,225.28,225.5,225.23,225.35,9804
2024-07-03 16:19:00,225.31,225.37,225.03,225.14,11311
2024-07-03 16:20:00,225.16,225.38,225.1,225.1,7949
2024-07-03 16:21:00,225.08,225.18,224.97,225.08,8711
2024-07-03 16:22:00,225.11,225.16,224.92,225.16,3141
2024-07-03 16:23:00,225.16,225.5,225.16,225.42,9894
2024-07-03 16:24:00,225.45,225.74,225.45,225.7,8426
2024-07-03 16:25:00,225.69,225.78,225.52,225.7,13797
2024-07-03 16:26:00,225.78,226.19,225.67,226.02,26575
2024-07-03 16:27:00,226.21,226.24,225.95,226.12,12418
2024-07-03 16:28:00,226.09,226.18,225.94,226.04,6000
2024-07-03 16:29:00,226.04,226.25,225.98,226.09,6532
2024-07-03 16:30:00,226.23,226.36,226.0,226.09,11939
2024-07-03 16:31:00,226.1,226.13,225.91,225.91,5674
2024-07-03 16:32:00,225.91,225.91,225.54,225.69,4952
2024-07-03 16:33:00,225.73,225.73,225.48,225.48,6884
2024-07-03 16:34:00,225.34,225.5,225.29,225.49,4389
2024-07-03 16:35:00,225.56,225.56,225.19,225.24,8532
2024-07-03 16:36:00,225.22,225.35,225.17,225.26,6381
2024-07-03 16:37:00,225.4,225.55,225.38,225.48,5282
2024-07-03 16:38:00,225.55,225.64,225.44,225.53,6029
2024-07-03 16:39:00,225.54,225.64,225.5,225.58,4527
2024-07-03 16:40:00,225.56,225.65,225.47,225.65,11029
2024-07-03 16:41:00,225.59,225.73,225.31,225.44,16170
2024-07-03 16:42:00,225.45,225.45,224.83,224.94,13593
2024-07-03 16:43:00,225.05,225.05,224.68,224.79,5182
2024-07-03 16:44:00,224.85,225.37,224.85,225.33,9423
2024-07-03 16:45:00,225.3,225.45,225.12,225.36,7193
2024-07-03 16:46:00,225.15,225.28,225.07,225.24,9836
2024-07-03 16:47:00,225.14,225.14,224.44,224.67,33974
2024-07-03 16:48:00,224.57,225.13,224.5,225.13,9906
2024-07-03 16:49:00,225.06,225.18,224.89,225.11,9468
2024-07-03 16:50:00,225.08,225.23,224.58,224.67,23793
2024-07-03 16:51:00,224.55,224.87,224.45,224.79,14193
2024-07-03 16:52:00,224.82,224.99,224.76,224.96,10970
2024-07-03 16:53:00,224.94,225.0,224.76,224.97,17742
2024-07-03 16:54:00,224.92,225.36,224.92,225.25,15354
2024-07-03 16:55:00,225.18,225.36,225.08,225.21,22707
2024-07-03 16:56:00,225.31,225.47,225.18,225.46,23097
2024-07-03 16:57:00,225.4,225.73,225.37,225.62,25117
2024-07-03 16:58:00,225.58,225.62,224.94,224.94,30273
2024-07-03 16:59:00,224.94,225.32,224.88,224.93,49203
2024-07-03 17:00:00,224.94,224.94,224.94,224.94,172119
2024-07-05 13:30:00,213.48,213.79,210.5,210.93,358452
2024-07-05 13:31:00,210.96,212.0,210.45,211.7,106747
2024-07-05 13:32:00,211.84,212.5,210.7,210.7,192295
2024-07-05 13:33:00,210.83,211.86,210.09,210.51,205573
2024-07-05 13:34:00,210.66,211.05,209.56,209.99,156502
2024-07-05 13:35:00,209.78,211.23,209.45,210.24,92266
2024-07-05 13:36:00,210.34,210.68,209.62,209.96,100232
2024-07-05 13:37:00,209.64,210.93,209.61,210.68,87410
2024-07-05 13:38:00,210.76,211.44,210.48,211.29,78913
2024-07-05 13:39:00,211.16,211.34,209.75,210.75,104655
2024-07-05 13:40:00,210.88,211.14,210.51,210.97,79655
2024-07-05 13:41:00,210.99,211.07,210.55,210.92,61849
2024-07-05 13:42:00,210.91,211.87,210.6,211.3,72515
2024-07-05 13:43:00,211.55,211.88,210.67,211.88,56148
2024-07-05 13:44:00,211.67,212.04,211.16,211.93,55006
2024-07-05 13:45:00,211.84,212.25,211.16,211.3,65569
2024-07-05 13:46:00,211.27,212.17,211.17,211.44,67317
2024-07-05 13:47:00,211.44,212.0,210.88,211.26,78372
2024-07-05 13:48:00,211.3,211.9,211.04,211.59,57354
2024-07-05 13:49:00,211.5,211.71,211.13,211.36,26788
2024-07-05 13:50:00,211.47,211.58,210.8,211.32,51837
2024-07-05 13:51:00,211.32,211.68,211.09,211.6,32798
2024-07-05 13:52:00,211.46,212.16,211.15,211.92,36746
2024-07-05 13:53:00,211.74,212.47,211.64,212.32,37285
2024-07-05 13:54:00,212.29,212.71,212.0,212.34,39029
2024-07-05 13:55:00,212.21,212.63,212.0,212.29,35138
2024-07-05 13:56:00,212.2,212.59,212.02,212.25,19561
2024-07-05 13:57:00,212.61,212.9,212.39,212.72,25376
2024-07-05 13:58:00,212.75,213.27,212.51,213.18,39558
2024-07-05 13:59:00,213.13,213.68,213.01,213.5,47758
2024-07-05 14:00:00,213.43,214.36,213.19,214.34,66791
2024-07-05 14:01:00,214.15,215.13,214.15,214.67,58722
2024-07-05 14:02:00,214.8,215.48,214.49,215.38,50514
2024-07-05 14:03:00,215.34,215.54,214.8,214.95,46444
2024-07-05 14:04:00,214.97,215.76,214.85,215.4,41990
2024-07-05 14:05:00,215.57,215.96,215.45,215.47,56192
2024-07-05 14:06:00,215.52,215.52,214.51,215.37,62638
2024-07-05 14:07:00,215.36,215.96,214.9,215.05,38315
2024-07-05 14:08:00,215.0,215.39,214.5,214.9,45346
2024-07-05 14:09:00,214.9,215.46,214.52,214.6,27180
2024-07-05 14:10:00,214.56,215.19,214.3,215.12,69579
2024-07-05 14:11:00,215.12,215.64,214.98,215.39,84738
2024-07-05 14:12:00,215.28,215.67,215.21,215.38,28959
2024-07-05 14:13:00,215.22,215.9,215.17,215.4,46807
2024-07-05 14:14:00,215.13,215.4,214.66,215.2,29240
2024-07-05 14:15:00,215.15,215.43,214.6,214.6,32692
2024-07-05 14:16:00,214.55,214.95,214.51,214.86,16203
2024-07-05 14:17:00,214.95,215.1,214.25,214.76,38372
2024-07-05 14:18:00,214.67,214.67,214.0,214.0,37010
2024-07-05 14:19:00,214.12,214.41,214.0,214.12,27397
2024-07-05 14:20:00,214.26,214.59,214.2,214.36,19061
2024-07-05 14:21:00,214.24,214.74,214.24,214.51,14538
2024-07-05 14:22:00,214.4,214.72,214.22,214.66,19245
2024-07-05 14:23:00,214.52,214.63,213.88,214.06,36504
2024-07-05 14:24:00,214.05,214.64,213.94,214.31,21225
2024-07-05 14:25:00,214.33,214.45,214.21,214.36,13915
2024-07-05 14:26:00,214.39,214.39,213.99,214.11,23580
2024-07-05 14:27:00,214.05,214.22,213.83,214.16,23781
2024-07-05 14:28:00,214.1,214.47,213.97,214.43,27134
2024-07-05 14:29:00,214.26,214.27,214.0,214.11,10394
2024-07-05 14:30:00,214.34,214.66,214.14,214.54,11190
2024-07-05 14:31:00,214.56,214.73,213.92,213.99,34596
2024-07-05 14:32:00,214.1,214.25,213.88,214.0,18533
2024-07-05 14:33:00,214.0,214.57,213.99,214.44,21214
2024-07-05 14:34:00,214.31,214.6,214.23,214.39,17595
2024-07-05 14:35:00,214.39,214.68,213.58,213.58,64539
2024-07-05 14:36:00,213.5,213.5,212.8,213.09,70930
2024-07-05 14:37:00,213.03,213.41,212.83,213.0,48238
2024-07-05 14:38:00,213.09,213.7,213.07,213.63,16588
2024-07-05 14:39:00,213.76,214.2,213.63,214.07,15057
2024-07-05 14:40:00,214.19,214.23,213.74,213.83,14116
2024-07-05 14:41:00,213.83,214.42,213.75,214.0,15541
2024-07-05 14:42:00,213.98,214.34,213.61,213.98,13953
2024-07-05 14:43:00,213.84,213.99,213.09,213.09,20379
2024-07-05 14:44:00,213.25,213.55,212.8,213.3,40632
2024-07-05 14:45:00,213.3,213.83,213.26,213.83,11832
2024-07-05 14:46:00,213.93,214.1,213.68,213.76,13035
2024-07-05 14:47:00,213.68,213.91,213.68,213.77,8199
2024-07-05 14:48:00,213.74,214.29,213.68,214.21,14352
2024-07-05 14:49:00,214.27,214.75,213.98,214.11,24971
2024-07-05 14:50:00,214.12,214.12,213.69,214.01,8209
2024-07-05 14:51:00,214.04,214.36,213.7,213.7,13847
2024-07-05 14:52:00,213.68,213.79,213.42,213.65,23605
2024-07-05 14:53:00,213.67,213.75,213.5,213.71,11504
2024-07-05 14:54:00,213.66,214.83,213.66,214.83,11312
2024-07-05 14:55:00,214.7,214.78,214.13,214.34,15574
2024-07-05 14:56:00,214.5,214.66,214.13,214.33,12157
2024-07-05 14:57:00,214.19,214.19,213.92,214.14,10454
2024-07-05 14:58:00,214.22,214.33,213.8,214.2,14144
2024-07-05 14:59:00,214.12,214.5,214.07,214.45,6152
2024-07-05 15:00:00,214.45,214.8,214.25,214.25,15021
2024-07-05 15:01:00,214.11,214.25,213.6,213.94,13392
2024-07-05 15:02:00,214.28,215.07,214.28,214.92,26314
2024-07-05 15:03:00,214.97,215.27,214.75,215.02,20132
2024-07-05 15:04:00,214.9,215.71,214.9,215.37,28016
2024-07-05 15:05:00,215.42,215.6,214.86,215.36,32527
2024-07-05 15:06:00,215.23,216.28,215.23,216.17,41485
2024-07-05 15:07:00,216.17,216.9,216.03,216.75,47275
2024-07-05 15:08:00,216.78,217.25,216.5,217.1,47478
2024-07-05 15:09:00,217.03,217.37,216.89,217.14,22399
2024-07-05 15:10:00,216.93,217.1,216.35,216.5,45935
2024-07-05 15:11:00,216.5,216.6,216.1,216.46,17805
2024-07-05 15:12:00,216.42,217.16,216.42,217.14,25718
2024-07-05 15:13:00,217.0,218.22,216.95,218.2,64895
2024-07-05 15:14:00,218.25,218.74,218.06,218.59,59184
2024-07-05 15:15:00,218.5,218.57,217.6,217.91,31414
2024-07-05 15:16:00,217.98,218.65,217.77,218.48,47116
2024-07-05 15:17:00,218.5,218.93,218.5,218.93,31652
2024-07-05 15:18:00,218.96,219.23,218.69,219.1,67470
2024-07-05 15:19:00,219.25,219.26,218.66,218.86,24850
2024-07-05 15:20:00,218.84,219.17,218.71,218.93,31993
2024-07-05 15:21:00,218.87,220.09,218.82,219.06,111327
2024-07-05 15:22:00,219.19,219.49,219.05,219.3,19180
2024-07-05 15:23:00,219.05,219.58,219.05,219.08,13808
2024-07-05 15:24:00,219.11,219.72,219.11,219.52,16496
2024-07-05 15:25:00,219.6,219.69,219.15,219.17,16915
2024-07-05 15:26:00,219.16,219.44,219.16,219.36,12326
2024-07-05 15:27:00,219.32,219.48,219.1,219.41,25211
2024-07-05 15:28:00,219.41,219.98,219.41,219.91,20786
2024-07-05 15:29:00,219.91,220.28,219.85,220.08,26686
2024-07-05 15:30:00,220.08,220.68,220.08,220.68,21106
2024-07-05 15:31:00,220.64,220.82,220.16,220.28,32678
2024-07-05 15:32:00,220.36,220.45,220.15,220.22,24848
2024-07-05 15:33:00,220.24,221.26,220.2,221.03,34353
2024-07-05 15:34:00,221.25,221.26,220.59,220.66,36864
2024-07-05 15:35:00,220.76,221.37,220.73,221.35,24797
2024-07-05 15:36:00,221.2,221.67,220.92,221.05,21692
2024-07-05 15:37:00,221.13,221.5,220.95,221.05,34105
2024-07-05 15:38:00,221.39,221.39,221.02,221.12,9923
2024-07-05 15:39:00,221.05,221.05,219.93,220.48,53334
2024-07-05 15:40:00,220.51,220.6,220.28,220.42,19527
2024-07-05 15:41:00,220.36,220.7,220.36,220.7,16220
2024-07-05 15:42:00,220.71,221.11,220.7,220.94,19633
2024-07-05 15:43:00,220.94,221.11,220.87,221.08,15654
2024-07-05 15:44:00,221.17,221.35,221.0,221.35,15053
2024-07-05 15:45:00,221.36,221.5,221.15,221.15,17136
2024-07-05 15:46:00,221.22,221.6,220.96,221.56,20284
2024-07-05 15:47:00,221.47,221.85,221.14,221.63,19243
2024-07-05 15:48:00,221.63,221.69,221.17,221.67,19185
2024-07-05 15:49:00,221.66,221.95,221.45,221.82,9760
2024-07-05 15:50:00,221.78,221.96,221.6,221.93,18556
2024-07-05 15:51:00,221.85,221.9,221.47,221.55,19428
2024-07-05 15:52:00,221.71,221.84,221.61,221.7,12049
2024-07-05 15:53:00,221.7,221.99,221.64,221.98,19792
2024-07-05 15:54:00,221.85,222.5,221.65,222.45,31012
2024-07-05 15:55:00,222.41,222.41,221.32,221.62,20041
2024-07-05 15:56:00,221.78,221.78,221.35,221.65,15848
2024-07-05 15:57:00,221.67,222.3,221.67,222.08,10513
2024-07-05 15:58:00,222.06,222.22,221.88,222.16,10849
2024-07-05 15:59:00,221.99,222.23,221.8,222.22,7196
2024-07-05 16:00:00,222.3,222.6,221.81,222.03,14127
2024-07-05 16:01:00,222.1,222.49,222.0,222.24,21779
2024-07-05 16:02:00,222.31,222.31,222.0,222.15,15366
2024-07-05 16:03:00,222.27,222.28,221.82,221.96,13415
2024-07-05 16:04:00,222.05,222.05,221.63,221.79,13371
2024-07-05 16:05:00,221.85,221.86,221.36,221.36,14076
2024-07-05 16:06:00,221.35,221.62,220.81,221.02,30548
2024-07-05 16:07:00,220.91,220.92,220.58,220.7,32336
2024-07-05 16:08:00,220.71,220.96,220.55,220.55,8145
2024-07-05 16:09:00,220.58,220.71,220.48,220.6,13182
2024-07-05 16:10:00,220.77,220.79,220.6,220.77,8474
2024-07-05 16:11:00,220.8,220.99,220.7,220.7,10713
2024-07-05 16:12:00,220.72,220.88,220.33,220.79,16651
2024-07-05 16:13:00,220.77,220.93,220.6,220.79,8805
2024-07-05 16:14:00,220.79,220.94,220.69,220.8,8450
2024-07-05 16:15:00,220.65,220.75,220.58,220.7,6028
2024-07-05 16:16:00,220.68,220.87,220.52,220.61,6720
2024-07-05 16:17:00,220.62,220.8,220.4,220.44,8952
2024-07-05 16:18:00,220.49,220.72,220.02,220.5,11729
2024-07-05 16:19:00,220.42,221.2,220.42,221.09,12701
2024-07-05 16:20:00,221.19,221.43,221.14,221.32,14842
2024-07-05 16:21:00,221.22,221.43,221.19,221.29,7026
2024-07-05 16:22:00,221.27,221.34,221.09,221.15,6019
2024-07-05 16:23:00,221.02,221.26,221.01,221.2,4293
2024-07-05 16:24:00,221.2,221.5,221.05,221.49,7750
2024-07-05 16:25:00,221.48,222.06,221.42,221.92,20609
2024-07-05 16:26:00,221.83,221.85,221.18,221.32,11145
2024-07-05 16:27:00,221.28,221.28,221.0,221.0,6077
2024-07-05 16:28:00,221.0,221.15,220.76,220.86,7640
2024-07-05 16:29:00,221.02,221.13,221.02,221.03,1960
2024-07-05 16:30:00,221.03,221.19,220.81,221.18,8163
2024-07-05 16:31:00,221.11,221.45,221.11,221.16,10543
2024-07-05 16:32:00,221.15,221.16,220.75,220.77,5474
2024-07-05 16:33:00,220.75,220.97,220.4,220.65,12128
2024-07-05 16:34:00,220.81,220.81,220.33,220.56,8624
2024-07-05 16:35:00,220.57,220.73,220.54,220.7,5205
2024-07-05 16:36:00,220.69,220.74,220.3,220.53,9514
2024-07-05 16:37:00,220.44,220.48,220.25,220.3,12099
2024-07-05 16:38:00,220.28,220.42,220.06,220.28,20947
2024-07-05 16:39:00,220.36,220.4,220.23,220.32,5167
2024-07-05 16:40:00,220.34,220.49,220.3,220.36,4800
2024-07-05 16:41:00,220.35,220.35,219.88,219.89,19330
2024-07-05 16:42:00,219.79,219.94,219.6,219.79,12988
2024-07-05 16:43:00,219.85,220.25,219.82,220.11,5175
2024-07-05 16:44:00,220.05,220.14,219.92,219.93,5748
2024-07-05 16:45:00,219.91,220.09,219.8,219.95,5575
2024-07-05 16:46:00,219.98,220.49,219.91,220.36,9516
2024-07-05 16:47:00,220.22,220.51,220.09,220.4,9456
2024-07-05 16:48:00,220.38,220.5,220.3,220.35,5469
2024-07-05 16:49:00,220.36,220.43,220.07,220.07,5494
2024-07-05 16:50:00,220.14,220.15,219.72,219.72,9715
2024-07-05 16:51:00,219.86,220.0,219.86,220.0,2992
2024-07-05 16:52:00,219.99,220.02,219.87,219.98,5967
2024-07-05 16:53:00,219.9,220.1,219.9,220.05,7928
2024-07-05 16:54:00,220.06,220.2,219.98,220.05,10060
2024-07-05 16:55:00,220.04,220.04,219.92,219.92,2405
2024-07-05 16:56:00,219.88,219.88,219.71,219.8,6121
2024-07-05 16:57:00,219.73,219.79,219.5,219.57,11138
2024-07-05 16:58:00,219.5,219.6,219.3,219.44,14363
2024-07-05 16:59:00,219.4,219.79,219.38,219.73,12059
2024-07-05 17:00:00,219.7,219.89,219.66,219.77,4770
2024-07-05 17:01:00,219.91,219.91,219.72,219.91,5772
2024-07-05 17:02:00,219.89,220.4,219.84,220.35,9515
2024-07-05 17:03:00,220.4,220.55,220.21,220.24,6513
2024-07-05 17:04:00,220.14,220.24,220.01,220.24,2197
2024-07-05 17:05:00,220.2,220.35,220.07,220.07,7490
2024-07-05 17:06:00,220.1,220.14,219.86,219.97,8251
2024-07-05 17:07:00,219.91,220.08,219.76,219.82,5985
2024-07-05 17:08:00,219.64,219.93,219.62,219.93,8585
2024-07-05 17:09:00,219.83,220.0,219.75,219.83,3262
2024-07-05 17:10:00,219.9,220.05,219.9,220.05,3027
2024-07-05 17:11:00,219.9,220.0,219.82,219.9,5030
2024-07-05 17:12:00,219.9,220.22,219.9,220.22,2910
2024-07-05 17:13:00,220.25,220.44,220.1,220.44,4398
2024-07-05 17:14:00,220.43,220.43,220.21,220.28,4806
2024-07-05 17:15:00,220.26,220.26,220.02,220.02,4105
2024-07-05 17:16:00,220.0,220.12,219.97,219.97,1826
2024-07-05 17:17:00,219.88,220.17,219.82,220.17,6350
2024-07-05 17:18:00,220.22,220.32,220.1,220.31,5567
2024-07-05 17:19:00,220.29,220.45,220.24,220.25,6127
2024-07-05 17:20:00,220.18,220.84,220.18,220.6,10274
2024-07-05 17:21:00,220.72,220.85,220.55,220.8,8273
2024-07-05 17:22:00,220.72,220.93,220.7,220.93,5634
2024-07-05 17:23:00,220.97,221.35,220.97,221.13,11992
2024-07-05 17:24:00,221.14,221.33,220.99,221.3,17020
2024-07-05 17:25:00,221.33,221.7,221.26,221.56,13068
2024-07-05 17:26:00,221.57,221.57,221.37,221.47,3551
2024-07-05 17:27:00,221.58,221.98,221.58,221.97,11963
2024-07-05 17:28:00,221.93,222.22,221.8,222.16,17900
2024-07-05 17:29:00,222.16,222.35,222.14,222.25,8807
2024-07-05 17:30:00,222.17,222.3,222.05,222.25,11147
2024-07-05 17:31:00,222.25,223.02,222.23,222.98,28610
2024-07-05 17:32:00,223.06,223.27,222.78,222.81,23754
2024-07-05 17:33:00,222.8,222.92,222.3,222.48,16575
2024-07-05 17:34:00,222.58,222.78,222.46,222.56,10039
2024-07-05 17:35:00,222.66,222.7,222.52,222.66,6341
2024-07-05 17:36:00,222.61,222.78,222.42,222.42,6795
2024-07-05 17:37:00,222.45,222.69,222.41,222.53,11467
2024-07-05 17:38:00,222.85,223.12,222.79,222.91,8404
2024-07-05 17:39:00,222.71,222.99,222.71,222.96,3484
2024-07-05 17:40:00,222.99,223.1,222.79,222.79,7096
2024-07-05 17:41:00,222.79,222.88,222.75,222.88,3724
2024-07-05 17:42:00,222.81,223.45,222.81,223.44,10838
2024-07-05 17:43:00,223.47,223.48,223.23,223.23,7947
2024-07-05 17:44:00,223.23,223.32,223.17,223.17,4740
2024-07-05 17:45:00,223.15,223.32,223.12,223.23,9614
2024-07-05 17:46:00,223.2,223.48,223.15,223.4,6973
2024-07-05 17:47:00,223.2,223.64,223.18,223.46,9907
2024-07-05 17:48:00,223.5,223.68,223.4,223.6,7501
2024-07-05 17:49:00,223.58,223.64,223.3,223.3,5702
2024-07-05 17:50:00,223.4,223.4,223.31,223.33,5851
2024-07-05 17:51:00,223.3,223.5,223.25,223.34,8587
2024-07-05 17:52:00,223.32,223.38,223.26,223.36,1925
2024-07-05 17:53:00,223.37,223.37,223.12,223.32,3329
2024-07-05 17:54:00,223.32,223.36,223.14,223.14,6980
2024-07-05 17:55:00,223.16,223.25,223.06,223.19,9796
2024-07-05 17:56:00,223.18,223.18,223.11,223.17,4698
2024-07-05 17:57:00,223.11,223.36,223.09,223.34,11350
2024-07-05 17:58:00,223.32,223.39,223.12,223.26,14929
2024-07-05 17:59:00,223.27,223.39,222.92,222.96,9175
2024-07-05 18:00:00,223.0,223.3,222.97,223.1,12042
2024-07-05 18:01:00,222.95,222.96,222.48,222.54,13712
2024-07-05 18:02:00,222.56,222.92,222.56,222.62,6512
2024-07-05 18:03:00,222.63,222.81,222.63,222.67,6112
2024-07-05 18:04:00,222.59,222.6,222.32,222.36,7831
2024-07-05 18:05:00,222.25,222.65,222.25,222.65,5636
2024-07-05 18:06:00,222.54,222.55,222.22,222.22,10458
2024-07-05 18:07:00,222.24,222.38,222.22,222.31,8356
2024-07-05 18:08:00,222.3,222.59,222.24,222.58,7649
2024-07-05 18:09:00,222.71,222.93,222.38,222.49,8816
2024-07-05 18:10:00,222.4,222.46,222.24,222.27,6048
2024-07-05 18:11:00,222.36,222.36,222.12,222.26,9726
2024-07-05 18:12:00,222.3,222.53,222.21,222.4,7661
2024-07-05 18:13:00,222.3,222.67,222.3,222.67,6442
2024-07-05 18:14:00,222.68,222.8,222.36,222.48,17661
2024-07-05 18:15:00,222.45,222.59,222.42,222.45,4493
2024-07-05 18:16:00,222.37,222.45,222.12,222.27,12757
2024-07-05 18:17:00,222.34,222.34,221.91,222.08,14999
2024-07-05 18:18:00,222.06,222.26,221.78,222.1,13669
2024-07-05 18:19:00,222.1,222.59,222.08,222.46,6421
2024-07-05 18:20:00,222.27,222.47,222.27,222.35,5663
2024-07-05 18:21:00,222.42,222.58,222.3,222.56,6088
2024-07-05 18:22:00,222.36,222.63,222.36,222.55,4974
2024-07-05 18:23:00,222.55,222.74,222.28,222.4,12611
2024-07-05 18:24:00,222.47,223.04,222.44,222.96,14769
2024-07-05 18:25:00,222.98,223.11,222.93,223.01,7932
2024-07-05 18:26:00,223.1,223.5,223.02,223.45,11756
2024-07-05 18:27:00,223.5,223.55,223.12,223.13,7422
2024-07-05 18:28:00,223.11,223.22,222.95,223.1,8259
2024-07-05 18:29:00,223.21,223.21,222.98,223.06,7306
2024-07-05 18:30:00,223.02,223.3,222.97,223.21,9294
2024-07-05 18:31:00,223.11,223.22,222.95,222.95,9472
2024-07-05 18:32:00,222.9,223.29,222.6,222.68,7040
2024-07-05 18:33:00,222.63,222.91,222.55,222.78,4936
2024-07-05 18:34:00,222.76,223.0,222.52,222.97,7423
2024-07-05 18:35:00,222.92,223.12,222.81,223.11,4892
2024-07-05 18:36:00,223.11,223.37,223.01,223.37,4251
2024-07-05 18:37:00,223.32,223.48,223.25,223.28,5307
2024-07-05 18:38:00,223.27,223.28,223.07,223.13,4770
2024-07-05 18:39:00,223.18,223.18,222.83,222.88,5132
2024-07-05 18:40:00,222.9,222.99,222.78,222.83,10401
2024-07-05 18:41:00,222.69,223.1,222.69,222.95,6125
2024-07-05 18:42:00,223.06,223.22,222.9,222.9,11901
2024-07-05 18:43:00,222.95,223.09,222.87,223.09,6332
2024-07-05 18:44:00,223.12,223.12,222.9,223.07,6074
2024-07-05 18:45:00,223.1,223.21,223.07,223.2,3697
2024-07-05 18:46:00,223.25,223.36,223.1,223.24,3537
2024-07-05 18:47:00,223.11,223.34,223.11,223.34,2345
2024-07-05 18:48:00,223.19,223.32,222.88,223.11,7442
2024-07-05 18:49:00,223.26,223.34,223.26,223.33,2469
2024-07-05 18:50:00,223.25,223.42,223.25,223.28,6245
2024-07-05 18:51:00,223.26,223.28,223.0,223.14,5263
2024-07-05 18:52:00,223.13,223.3,223.08,223.21,11364
2024-07-05 18:53:00,223.21,223.33,222.9,223.02,9954
2024-07-05 18:54:00,223.0,223.09,222.69,223.09,16199
2024-07-05 18:55:00,223.19,223.7,223.06,223.58,14172
2024-07-05 18:56:00,223.5,223.71,223.5,223.63,5087
2024-07-05 18:57:00,223.62,223.83,223.54,223.83,9582
2024-07-05 18:58:00,223.78,223.93,223.64,223.88,10510
2024-07-05 18:59:00,223.9,224.17,223.7,224.05,15329
2024-07-05 19:00:00,223.96,223.96,223.35,223.35,22798
2024-07-05 19:01:00,223.26,223.67,223.18,223.52,8121
2024-07-05 19:02:00,223.58,223.66,223.36,223.4,4701
2024-07-05 19:03:00,223.45,223.77,223.44,223.77,12716
2024-07-05 19:04:00,223.73,224.08,223.65,223.92,11935
2024-07-05 19:05:00,223.87,224.03,223.68,223.99,18349
2024-07-05 19:06:00,223.79,224.0,223.75,223.75,5511
2024-07-05 19:07:00,223.86,223.98,223.75,223.75,6370
2024-07-05 19:08:00,223.75,224.07,223.67,224.05,10964
2024-07-05 19:09:00,224.08,224.12,223.84,223.97,6327
2024-07-05 19:10:00,223.81,224.16,223.7,223.77,10676
2024-07-05 19:11:00,223.74,224.02,223.74,223.99,6011
2024-07-05 19:12:00,223.91,224.08,223.91,224.03,4467
2024-07-05 19:13:00,224.03,224.03,223.72,223.93,6954
2024-07-05 19:14:00,223.97,224.0,223.82,223.88,3514
2024-07-05 19:15:00,223.89,224.08,223.89,224.08,8383
2024-07-05 19:16:00,223.96,224.17,223.85,223.88,8944
2024-07-05 19:17:00,223.82,224.19,223.82,223.89,5719
2024-07-05 19:18:00,224.02,224.18,224.0,224.18,6985
2024-07-05 19:19:00,224.07,224.36,224.07,224.22,22727
2024-07-05 19:20:00,224.37,224.37,224.25,224.37,8075
2024-07-05 19:21:00,224.37,224.37,224.22,224.3,10233
2024-07-05 19:22:00,224.32,224.38,224.21,224.26,12484
2024-07-05 19:23:00,224.32,224.38,223.96,224.21,12753
2024-07-05 19:24:00,224.24,224.55,224.24,224.5,18889
2024-07-05 19:25:00,224.52,224.82,224.43,224.75,16663
2024-07-05 19:26:00,224.76,224.94,224.75,224.94,12914
2024-07-05 19:27:00,224.9,224.96,224.82,224.82,14982
2024-07-05 19:28:00,224.87,224.97,224.78,224.85,9697
2024-07-05 19:29:00,224.86,224.98,224.86,224.95,5974
2024-07-05 19:30:00,224.97,225.13,224.61,224.72,36340
2024-07-05 19:31:00,224.78,225.04,224.74,225.0,19572
2024-07-05 19:32:00,225.05,225.12,224.41,224.41,18172
2024-07-05 19:33:00,224.52,224.81,224.52,224.8,14300
2024-07-05 19:34:00,224.84,224.9,224.75,224.84,11087
2024-07-05 19:35:00,224.71,224.74,224.37,224.48,8404
2024-07-05 19:36:00,224.52,224.66,224.51,224.61,7069
2024-07-05 19:37:00,224.56,224.57,224.35,224.36,6369
2024-07-05 19:38:00,224.4,224.49,224.31,224.34,9998
2024-07-05 19:39:00,224.32,224.49,224.17,224.27,12907
2024-07-05 19:40:00,224.37,224.37,224.13,224.3,12389
2024-07-05 19:41:00,224.23,224.33,224.13,224.33,9801
2024-07-05 19:42:00,224.35,224.35,224.01,224.22,12824
2024-07-05 19:43:00,224.15,224.44,224.14,224.41,9598
2024-07-05 19:44:00,224.36,224.41,224.25,224.4,8441
2024-07-05 19:45:00,224.43,224.74,224.4,224.74,19922
2024-07-05 19:46:00,224.68,224.73,224.58,224.58,11139
2024-07-05 19:47:00,224.61,224.69,224.3,224.4,17905
2024-07-05 19:48:00,224.33,224.33,224.11,224.11,24387
2024-07-05 19:49:00,224.17,224.27,223.52,223.6,28723
2024-07-05 19:50:00,223.52,223.52,223.18,223.21,34138
2024-07-05 19:51:00,223.16,223.69,223.16,223.53,28513
2024-07-05 19:52:00,223.59,223.96,223.26,223.83,36783
2024-07-05 19:53:00,223.84,224.05,223.53,223.88,52943
2024-07-05 19:54:00,223.78,224.02,223.74,223.82,30274
2024-07-05 19:55:00,223.82,224.36,223.79,223.79,44007
2024-07-05 19:56:00,223.81,223.83,223.44,223.73,44024
2024-07-05 19:57:00,223.74,224.05,223.57,223.57,48456
2024-07-05 19:58:00,223.56,223.63,223.47,223.51,36414
2024-07-05 19:59:00,223.51,223.73,223.49,223.56,91406
2024-07-08 13:30:00,226.51,226.51,224.5,225.76,121759
2024-07-08 13:31:00,225.72,226.16,224.34,225.66,29291
2024-07-08 13:32:00,225.64,226.48,225.19,225.78,34267
2024-07-08 13:33:00,225.78,226.34,224.49,224.53,66579
2024-07-08 13:34:00,224.47,224.96,223.65,223.65,41636
2024-07-08 13:35:00,223.69,224.4,223.45,223.63,41969
2024-07-08 13:36:00,223.54,224.48,223.25,223.42,62034
2024-07-08 13:37:00,223.45,224.04,223.17,223.42,24909
2024-07-08 13:38:00,223.44,223.5,222.8,223.26,35996
2024-07-08 13:39:00,223.26,223.5,222.87,223.5,42389
2024-07-08 13:40:00,223.6,223.88,223.1,223.47,31646
2024-07-08 13:41:00,223.51,223.88,221.65,222.06,95629
2024-07-08 13:42:00,222.24,222.45,221.36,221.36,38869
2024-07-08 13:43:00,221.38,221.38,220.7,220.91,56433
2024-07-08 13:44:00,221.0,221.23,220.15,220.15,43668
2024-07-08 13:45:00,220.28,220.76,219.79,220.7,67064
2024-07-08 13:46:00,220.73,220.73,219.7,219.84,47725
2024-07-08 13:47:00,219.95,220.06,219.3,219.65,36512
2024-07-08 13:48:00,219.76,219.85,219.04,219.31,45309
2024-07-08 13:49:00,219.32,219.92,219.31,219.72,29749
2024-07-08 13:50:00,219.78,219.89,219.19,219.43,55372
2024-07-08 13:51:00,219.33,219.88,219.22,219.52,41342
2024-07-08 13:52:00,219.45,220.0,219.04,219.64,35175
2024-07-08 13:53:00,219.79,220.09,219.4,219.48,54251
2024-07-08 13:54:00,219.35,219.68,219.01,219.59,30109
2024-07-08 13:55:00,219.59,219.7,219.31,219.44,23627
2024-07-08 13:56:00,219.33,220.08,219.3,219.69,27281
2024-07-08 13:57:00,219.7,220.48,219.69,220.43,49894
2024-07-08 13:58:00,220.45,220.8,220.29,220.72,28783
2024-07-08 13:59:00,220.73,221.54,220.71,221.4,28446
2024-07-08 14:00:00,221.5,221.5,220.9,221.09,34804
2024-07-08 14:01:00,221.05,221.4,220.76,221.03,32489
2024-07-08 14:02:00,221.14,222.39,221.1,221.59,34251
2024-07-08 14:03:00,221.53,221.99,221.32,221.56,16996
2024-07-08 14:04:00,221.6,221.75,221.29,221.42,8091
2024-07-08 14:05:00,221.31,221.5,220.7,221.34,20802
2024-07-08 14:06:00,221.34,222.34,221.12,222.21,16859
2024-07-08 14:07:00,222.21,222.81,222.04,222.59,21168
2024-07-08 14:08:00,222.67,222.79,222.5,222.7,27244
2024-07-08 14:09:00,222.65,223.0,222.5,222.7,21605
2024-07-08 14:10:00,222.69,223.02,222.14,222.16,18193
2024-07-08 14:11:00,222.14,222.35,221.78,221.83,7887
2024-07-08 14:12:00,221.83,222.78,221.83,222.77,12606
2024-07-08 14:13:00,222.77,223.25,222.7,222.9,25567
2024-07-08 14:14:00,223.07,223.4,222.66,223.4,25997
2024-07-08 14:15:00,223.41,223.41,222.07,222.36,23105
2024-07-08 14:16:00,222.43,222.97,222.09,222.96,13549
2024-07-08 14:17:00,222.99,223.03,222.21,222.4,8349
2024-07-08 14:18:00,222.44,222.57,222.19,222.42,12260
2024-07-08 14:19:00,222.33,222.33,221.9,222.05,10145
2024-07-08 14:20:00,221.9,221.96,221.37,221.76,27824
2024-07-08 14:21:00,221.74,222.25,221.74,221.99,12021
2024-07-08 14:22:00,222.1,222.41,222.1,222.17,6878
2024-07-08 14:23:00,222.23,222.3,221.84,222.0,6082
2024-07-08 14:24:00,222.15,222.5,222.02,222.28,10164
2024-07-08 14:25:00,222.33,222.51,222.08,222.13,8149
2024-07-08 14:26:00,222.11,222.49,221.93,221.98,11292
2024-07-08 14:27:00,221.98,222.04,220.89,221.1,25230
2024-07-08 14:28:00,221.1,221.4,220.44,220.44,29837
2024-07-08 14:29:00,220.55,220.7,220.13,220.32,23619
2024-07-08 14:30:00,220.42,221.35,220.28,220.69,14418
2024-07-08 14:31:00,220.6,220.8,219.81,219.81,31343
2024-07-08 14:32:00,219.86,220.29,219.65,220.28,28516
2024-07-08 14:33:00,220.35,220.91,219.56,219.76,23603
2024-07-08 14:34:00,219.94,220.14,219.0,219.22,62952
2024-07-08 14:35:00,219.13,219.42,218.41,218.48,77096
2024-07-08 14:36:00,218.49,218.59,217.75,217.99,62232
2024-07-08 14:37:00,218.03,219.33,218.03,219.0,40812
2024-07-08 14:38:00,219.11,219.25,218.9,218.9,42142
2024-07-08 14:39:00,218.8,219.22,218.61,219.0,30190
2024-07-08 14:40:00,219.05,219.28,218.8,219.1,28684
2024-07-08 14:41:00,219.21,220.62,219.14,220.28,24470
2024-07-08 14:42:00,220.59,220.64,218.75,219.0,91160
2024-07-08 14:43:00,219.22,219.24,218.76,218.98,40286
2024-07-08 14:44:00,218.9,219.0,218.76,218.8,20832
2024-07-08 14:45:00,218.87,218.87,218.57,218.66,9572
2024-07-08 14:46:00,218.72,219.14,218.32,218.95,18570
2024-07-08 14:47:00,218.94,219.21,218.61,219.0,18311
2024-07-08 14:48:00,218.88,219.44,218.8,219.25,33610
2024-07-08 14:49:00,219.42,219.74,219.15,219.62,13418
2024-07-08 14:50:00,219.59,219.83,219.32,219.56,13039
2024-07-08 14:51:00,219.7,219.9,219.55,219.75,8761
2024-07-08 14:52:00,219.5,219.86,219.43,219.57,11658
2024-07-08 14:53:00,219.8,220.0,219.69,220.0,9582
2024-07-08 14:54:00,219.88,219.96,219.59,219.59,8709
2024-07-08 14:55:00,219.58,219.67,219.29,219.67,3236
2024-07-08 14:56:00,219.67,219.71,219.5,219.65,4601
2024-07-08 14:57:00,219.35,219.44,219.15,219.17,10269
2024-07-08 14:58:00,219.26,219.45,219.05,219.24,8537
2024-07-08 14:59:00,219.3,219.68,219.3,219.5,8109
2024-07-08 15:00:00,219.37,219.8,219.37,219.62,8864
2024-07-08 15:01:00,219.49,219.82,219.36,219.82,5346
2024-07-08 15:02:00,219.81,219.94,219.33,219.42,11340
2024-07-08 15:03:00,219.45,219.88,219.37,219.5,6448
2024-07-08 15:04:00,219.54,219.82,219.5,219.61,5606
2024-07-08 15:05:00,219.69,220.18,219.69,220.08,7762
2024-07-08 15:06:00,220.07,220.07,219.8,219.96,4104
2024-07-08 15:07:00,219.85,220.0,219.83,220.0,7638
2024-07-08 15:08:00,219.86,220.29,219.84,220.2,10239
2024-07-08 15:09:00,220.2,220.29,219.98,220.0,10395
2024-07-08 15:10:00,220.09,220.23,219.91,220.14,4725
2024-07-08 15:11:00,220.2,220.68,219.9,220.68,9220
2024-07-08 15:12:00,220.58,221.24,220.46,220.79,16963
2024-07-08 15:13:00,220.86,221.14,220.67,220.99,28795
2024-07-08 15:14:00,221.07,221.18,220.76,221.0,11967
2024-07-08 15:15:00,220.99,221.2,220.85,220.85,9418
2024-07-08 15:16:00,220.8,221.0,220.73,220.8,7814
2024-07-08 15:17:00,220.87,220.88,220.62,220.62,9173
2024-07-08 15:18:00,220.6,221.25,220.55,221.23,7770
2024-07-08 15:19:00,221.3,221.47,221.2,221.31,10782
2024-07-08 15:20:00,221.24,221.6,221.24,221.56,9947
2024-07-08 15:21:00,221.65,222.1,221.61,222.02,9774
2024-07-08 15:22:00,222.01,222.37,222.0,222.21,12085
2024-07-08 15:23:00,222.14,222.17,221.89,222.09,9681
2024-07-08 15:24:00,222.06,222.15,221.87,221.87,4621
2024-07-08 15:25:00,221.88,222.11,221.88,222.02,7141
2024-07-08 15:26:00,221.92,222.09,221.78,221.82,12388
2024-07-08 15:27:00,221.88,222.0,221.84,221.84,6594
2024-07-08 15:28:00,221.98,222.25,221.98,222.11,5215
2024-07-08 15:29:00,222.06,222.26,221.9,222.13,7668
2024-07-08 15:30:00,221.89,222.12,221.81,222.01,6938
2024-07-08 15:31:00,221.9,221.98,221.38,221.38,12840
2024-07-08 15:32:00,221.36,221.55,221.36,221.46,6367
2024-07-08 15:33:00,221.56,221.61,221.35,221.35,3291
2024-07-08 15:34:00,221.33,221.6,221.3,221.44,5819
2024-07-08 15:35:00,221.38,221.38,220.81,221.0,10182
2024-07-08 15:36:00,221.08,221.1,220.57,221.06,7911
2024-07-08 15:37:00,220.84,220.93,220.56,220.59,14145
2024-07-08 15:38:00,220.59,220.59,220.1,220.12,13025
2024-07-08 15:39:00,220.12,220.47,219.96,219.96,19613
2024-07-08 15:40:00,220.0,220.31,219.7,219.71,86265
2024-07-08 15:41:00,219.82,220.01,219.48,219.75,8309
2024-07-08 15:42:00,219.56,219.58,219.33,219.42,5537
2024-07-08 15:43:00,219.53,219.66,219.33,219.41,6986
2024-07-08 15:44:00,219.35,219.45,219.26,219.34,9200
2024-07-08 15:45:00,219.24,219.58,219.21,219.58,8653
2024-07-08 15:46:00,219.6,219.64,219.25,219.25,10967
2024-07-08 15:47:00,219.39,219.77,219.3,219.77,5627
2024-07-08 15:48:00,219.85,220.24,219.81,220.24,8438
2024-07-08 15:49:00,220.13,220.3,220.04,220.21,9555
2024-07-08 15:50:00,220.21,220.46,220.16,220.27,5882
2024-07-08 15:51:00,220.33,220.54,220.27,220.32,2789
2024-07-08 15:52:00,220.24,220.44,219.89,219.89,9905
2024-07-08 15:53:00,219.89,220.11,219.86,219.86,3289
2024-07-08 15:54:00,219.8,220.06,219.76,220.06,3200
2024-07-08 15:55:00,220.04,220.1,219.89,219.94,2919
2024-07-08 15:56:00,219.83,220.18,219.83,219.88,3946
2024-07-08 15:57:00,219.88,219.98,219.78,219.98,4513
2024-07-08 15:58:00,219.88,220.0,219.76,219.89,6453
2024-07-08 15:59:00,219.89,220.33,219.89,220.16,5704
2024-07-08 16:00:00,220.14,220.28,220.02,220.23,4873
2024-07-08 16:01:00,220.26,220.29,220.06,220.08,2672
2024-07-08 16:02:00,220.05,220.14,219.89,219.92,4277
2024-07-08 16:03:00,220.15,220.16,219.96,219.97,4891
2024-07-08 16:04:00,219.95,220.71,219.94,220.45,7881
2024-07-08 16:05:00,220.28,220.43,220.27,220.43,1995
2024-07-08 16:06:00,220.3,220.3,220.19,220.19,2406
2024-07-08 16:07:00,220.39,220.39,220.21,220.23,2611
2024-07-08 16:08:00,220.27,220.65,220.21,220.65,3430
2024-07-08 16:09:00,220.64,220.77,220.56,220.63,6432
2024-07-08 16:10:00,220.45,220.97,220.45,220.87,7419
2024-07-08 16:11:00,220.73,220.74,220.37,220.37,6088
2024-07-08 16:12:00,220.37,220.58,220.28,220.58,2416
2024-07-08 16:13:00,220.42,220.52,220.31,220.51,3426
2024-07-08 16:14:00,220.4,220.7,220.27,220.58,4268
2024-07-08 16:15:00,220.53,220.56,220.12,220.12,4736
2024-07-08 16:16:00,220.31,220.48,220.11,220.11,8403
2024-07-08 16:17:00,220.06,220.12,219.68,219.88,9237
2024-07-08 16:18:00,219.8,219.92,219.73,219.9,3650
2024-07-08 16:19:00,220.0,220.34,219.97,220.3,3353
2024-07-08 16:20:00,220.31,220.44,220.24,220.39,2709
2024-07-08 16:21:00,220.28,220.32,220.27,220.27,1253
2024-07-08 16:22:00,220.27,220.28,219.87,219.87,5944
2024-07-08 16:23:00,220.0,220.0,219.8,219.82,3630
2024-07-08 16:24:00,219.94,219.98,219.9,219.9,1385
2024-07-08 16:25:00,219.94,220.16,219.86,219.96,12574
2024-07-08 16:26:00,220.15,220.19,220.14,220.14,919
2024-07-08 16:27:00,220.3,220.3,219.86,219.96,3425
2024-07-08 16:28:00,220.0,220.17,219.95,220.02,3754
2024-07-08 16:29:00,220.08,220.21,219.88,219.88,3081
2024-07-08 16:30:00,219.82,219.95,219.64,219.74,19669
2024-07-08 16:31:00,219.77,219.95,219.72,219.83,4043
2024-07-08 16:32:00,219.94,219.94,219.67,219.77,5770
2024-07-08 16:33:00,219.82,219.92,219.82,219.92,1151
2024-07-08 16:34:00,220.0,220.0,219.83,219.86,1222
2024-07-08 16:35:00,219.8,220.05,219.6,219.69,6427
2024-07-08 16:36:00,219.74,219.95,219.74,219.93,2200
2024-07-08 16:37:00,219.87,220.12,219.85,220.03,2219
2024-07-08 16:38:00,220.17,220.45,220.12,220.3,9302
2024-07-08 16:39:00,220.22,220.37,220.14,220.26,2947
2024-07-08 16:40:00,220.28,220.5,220.13,220.42,4073
2024-07-08 16:41:00,220.47,220.47,220.13,220.13,4168
2024-07-08 16:42:00,220.31,220.36,220.14,220.25,1353
2024-07-08 16:43:00,220.23,220.45,220.12,220.38,1939
2024-07-08 16:44:00,220.47,220.62,220.34,220.36,2271
2024-07-08 16:45:00,220.5,220.78,220.5,220.66,7280
2024-07-08 16:46:00,220.56,220.63,220.4,220.63,4131
2024-07-08 16:47:00,220.67,220.67,220.4,220.5,2602
2024-07-08 16:48:00,220.44,220.52,220.4,220.52,3327
2024-07-08 16:49:00,220.36,220.61,220.36,220.54,3052
2024-07-08 16:50:00,220.51,220.62,220.46,220.58,4020
2024-07-08 16:51:00,220.48,220.57,220.4,220.41,3157
2024-07-08 16:52:00,220.5,220.5,220.49,220.49,974
2024-07-08 16:53:00,220.48,220.49,220.3,220.31,2922
2024-07-08 16:54:00,220.25,220.34,220.24,220.27,4622
2024-07-08 16:55:00,220.33,220.33,220.26,220.27,2039
2024-07-08 16:56:00,220.39,220.44,220.28,220.42,4241
2024-07-08 16:57:00,220.3,220.36,220.28,220.35,1672
2024-07-08 16:58:00,220.32,220.32,220.2,220.3,1727
2024-07-08 16:59:00,220.27,220.41,220.25,220.35,2505
2024-07-08 17:00:00,220.4,220.47,220.4,220.45,1534
2024-07-08 17:01:00,220.42,220.42,220.0,220.01,7502
2024-07-08 17:02:00,220.08,220.08,219.99,220.0,5925
2024-07-08 17:03:00,220.08,220.16,219.95,219.95,3060
2024-07-08 17:04:00,220.0,220.03,219.7,219.7,5643
2024-07-08 17:05:00,219.65,219.72,219.39,219.52,9205
2024-07-08 17:06:00,219.55,219.67,219.37,219.56,8591
2024-07-08 17:07:00,219.61,219.74,219.54,219.71,4344
2024-07-08 17:08:00,219.7,219.82,219.63,219.82,5166
2024-07-08 17:09:00,219.83,219.94,219.75,219.79,5807
2024-07-08 17:10:00,219.82,219.9,219.78,219.84,2965
2024-07-08 17:11:00,219.98,219.99,219.65,219.88,6486
2024-07-08 17:12:00,219.74,219.74,219.72,219.74,972
2024-07-08 17:13:00,219.66,219.78,219.58,219.76,3386
2024-07-08 17:14:00,219.69,219.92,219.63,219.7,1805
2024-07-08 17:15:00,219.63,219.93,219.39,219.51,7916
2024-07-08 17:16:00,219.4,219.42,219.24,219.31,3581
2024-07-08 17:17:00,219.32,219.37,218.9,219.18,28758
2024-07-08 17:18:00,219.23,219.4,219.11,219.27,11471
2024-07-08 17:19:00,219.18,219.18,219.0,219.04,5727
2024-07-08 17:20:00,219.0,219.26,218.97,219.12,10331
2024-07-08 17:21:00,219.06,219.22,219.06,219.16,4164
2024-07-08 17:22:00,219.26,219.28,219.1,219.1,2608
2024-07-08 17:23:00,219.03,219.38,218.97,219.36,6208
2024-07-08 17:24:00,219.41,219.56,219.37,219.48,4416
2024-07-08 17:25:00,219.6,219.74,219.6,219.66,2474
2024-07-08 17:26:00,219.68,219.8,219.44,219.8,8684
2024-07-08 17:27:00,219.75,220.08,219.68,220.08,7540
2024-07-08 17:28:00,220.09,220.15,219.9,219.93,7248
2024-07-08 17:29:00,219.91,220.0,219.83,219.94,5817
2024-07-08 17:30:00,220.1,220.3,219.9,220.2,4760
2024-07-08 17:31:00,220.09,220.31,220.09,220.26,6052
2024-07-08 17:32:00,220.3,220.41,220.25,220.31,4925
2024-07-08 17:33:00,220.32,220.44,220.27,220.42,4304
2024-07-08 17:34:00,220.43,220.8,220.38,220.76,9145
2024-07-08 17:35:00,220.65,221.26,220.54,221.23,12439
2024-07-08 17:36:00,221.14,221.24,221.0,221.07,9315
2024-07-08 17:37:00,221.09,221.21,221.08,221.21,6153
2024-07-08 17:38:00,221.27,221.27,221.07,221.18,6242
2024-07-08 17:39:00,221.18,221.21,220.83,220.87,14143
2024-07-08 17:40:00,220.87,220.9,220.65,220.82,14861
2024-07-08 17:41:00,220.71,220.71,220.4,220.5,3889
2024-07-08 17:42:00,220.59,220.8,220.54,220.72,3838
2024-07-08 17:43:00,220.68,220.82,220.58,220.82,3173
2024-07-08 17:44:00,220.79,220.83,220.69,220.83,2368
2024-07-08 17:45:00,220.8,220.8,220.66,220.77,1964
2024-07-08 17:46:00,220.77,220.89,220.77,220.84,5102
2024-07-08 17:47:00,220.78,220.81,220.74,220.75,4528
2024-07-08 17:48:00,220.83,220.83,220.64,220.68,2064
2024-07-08 17:49:00,220.66,221.05,220.52,220.98,6847
2024-07-08 17:50:00,221.01,221.25,221.0,221.25,1796
2024-07-08 17:51:00,221.25,221.32,221.17,221.22,4567
2024-07-08 17:52:00,221.22,221.36,221.07,221.25,3534
2024-07-08 17:53:00,221.15,221.28,221.15,221.26,4535
2024-07-08 17:54:00,221.28,221.42,221.25,221.32,4198
2024-07-08 17:55:00,221.33,221.33,221.25,221.29,3481
2024-07-08 17:56:00,221.29,221.56,221.28,221.46,12054
2024-07-08 17:57:00,221.48,221.62,221.48,221.58,8374
2024-07-08 17:58:00,221.56,221.7,221.44,221.67,4661
2024-07-08 17:59:00,221.63,221.64,221.52,221.52,3769
2024-07-08 18:00:00,221.59,221.79,221.54,221.64,4141
2024-07-08 18:01:00,221.58,221.79,221.53,221.66,5108
2024-07-08 18:02:00,221.75,221.75,221.32,221.5,7072
2024-07-08 18:03:00,221.38,221.5,221.36,221.36,1733
2024-07-08 18:04:00,221.49,221.53,221.32,221.34,3626
2024-07-08 18:05:00,221.28,221.34,221.19,221.3,3130
2024-07-08 18:06:00,221.3,221.39,221.3,221.31,1341
2024-07-08 18:07:00,221.36,221.36,221.26,221.35,1237
2024-07-08 18:08:00,221.33,221.33,221.2,221.3,1893
2024-07-08 18:09:00,221.32,221.57,221.32,221.36,6001
2024-07-08 18:10:00,221.42,221.42,221.26,221.32,1771
2024-07-08 18:11:00,221.36,221.39,221.22,221.26,6882
2024-07-08 18:12:00,221.22,221.23,220.9,221.04,5559
2024-07-08 18:13:00,221.05,221.36,221.05,221.36,7487
2024-07-08 18:14:00,221.3,221.42,221.29,221.29,4145
2024-07-08 18:15:00,221.3,221.43,221.15,221.43,2349
2024-07-08 18:16:00,221.29,221.29,221.29,221.29,532
2024-07-08 18:17:00,221.31,221.36,221.17,221.36,3138
2024-07-08 18:18:00,221.22,221.3,221.22,221.24,2151
2024-07-08 18:19:00,221.24,221.36,221.24,221.28,4232
2024-07-08 18:20:00,221.32,221.32,221.13,221.19,2789
2024-07-08 18:21:00,221.06,221.09,221.05,221.08,1851
2024-07-08 18:22:00,221.1,221.26,221.1,221.26,1375
2024-07-08 18:23:00,221.17,221.19,220.99,221.19,9190
2024-07-08 18:24:00,221.1,221.13,221.05,221.05,2214
2024-07-08 18:25:00,221.15,221.37,221.04,221.2,8395
2024-07-08 18:26:00,221.31,221.35,220.81,220.81,19253
2024-07-08 18:27:00,221.07,221.1,220.82,221.1,2615
2024-07-08 18:28:00,221.0,221.23,221.0,221.18,4602
2024-07-08 18:29:00,221.11,221.25,220.97,221.06,12126
2024-07-08 18:30:00,220.97,220.97,220.71,220.93,8746
2024-07-08 18:31:00,220.82,220.83,220.48,220.66,9078
2024-07-08 18:32:00,220.62,220.66,220.42,220.66,7768
2024-07-08 18:33:00,220.76,220.8,220.62,220.72,3749
2024-07-08 18:34:00,220.76,220.79,220.76,220.79,621
2024-07-08 18:35:00,220.83,220.9,220.83,220.86,2765
2024-07-08 18:36:00,220.77,221.14,220.77,221.02,9735
2024-07-08 18:37:00,221.11,221.11,220.9,220.95,2592
2024-07-08 18:38:00,221.09,221.09,220.89,220.91,3240
2024-07-08 18:39:00,220.92,220.92,220.7,220.71,2114
2024-07-08 18:40:00,220.86,221.08,220.65,221.02,5160
2024-07-08 18:41:00,220.94,221.1,220.94,221.02,3034
2024-07-08 18:42:00,221.04,221.04,220.6,220.66,7037
2024-07-08 18:43:00,220.61,220.66,220.36,220.5,25068
2024-07-08 18:44:00,220.55,220.55,220.35,220.43,3852
2024-07-08 18:45:00,220.37,220.37,220.01,220.15,8398
2024-07-08 18:46:00,220.18,220.42,220.0,220.3,9214
2024-07-08 18:47:00,220.2,220.42,220.2,220.38,1920
2024-07-08 18:48:00,220.3,220.71,220.3,220.7,3475
2024-07-08 18:49:00,220.67,220.9,220.67,220.9,2478
2024-07-08 18:50:00,220.84,220.98,220.69,220.98,1529
2024-07-08 18:51:00,220.9,220.91,220.73,220.84,1043
2024-07-08 18:52:00,220.91,220.91,220.67,220.72,3015
2024-07-08 18:53:00,220.75,220.9,220.65,220.65,3701
2024-07-08 18:54:00,220.77,220.91,220.61,220.72,3600
2024-07-08 18:55:00,220.68,220.8,220.65,220.66,4878
2024-07-08 18:56:00,220.66,220.8,220.66,220.8,1960
2024-07-08 18:57:00,220.81,220.81,220.69,220.76,1006
2024-07-08 18:58:00,220.91,220.91,220.57,220.58,3864
2024-07-08 18:59:00,220.58,220.65,220.44,220.44,5616
2024-07-08 19:00:00,220.36,220.7,220.36,220.54,2912
2024-07-08 19:01:00,220.56,220.6,220.54,220.54,1850
2024-07-08 19:02:00,220.5,220.5,220.24,220.24,3960
2024-07-08 19:03:00,220.21,220.62,220.21,220.58,2827
2024-07-08 19:04:00,220.51,220.6,220.49,220.6,3081
2024-07-08 19:05:00,220.53,220.69,220.51,220.64,4311
2024-07-08 19:06:00,220.53,220.56,220.5,220.54,1188
2024-07-08 19:07:00,220.57,220.67,220.54,220.54,2560
2024-07-08 19:08:00,220.59,220.62,220.58,220.62,1149
2024-07-08 19:09:00,220.56,220.7,220.56,220.7,2712
2024-07-08 19:10:00,220.66,220.78,220.66,220.78,1907
2024-07-08 19:11:00,220.77,220.77,220.42,220.5,6436
2024-07-08 19:12:00,220.52,220.66,220.52,220.66,1819
2024-07-08 19:13:00,220.56,220.57,220.51,220.51,1534
2024-07-08 19:14:00,220.56,220.63,220.39,220.39,2022
2024-07-08 19:15:00,220.39,220.45,220.32,220.42,5412
2024-07-08 19:16:00,220.32,220.42,220.2,220.4,7501
2024-07-08 19:17:00,220.35,220.63,220.35,220.62,5697
2024-07-08 19:18:00,220.58,220.7,220.58,220.69,5111
2024-07-08 19:19:00,220.68,220.88,220.68,220.84,3898
2024-07-08 19:20:00,220.84,220.95,220.74,220.77,6076
2024-07-08 19:21:00,220.83,220.87,220.77,220.87,1408
2024-07-08 19:22:00,220.84,220.96,220.84,220.85,2314
2024-07-08 19:23:00,220.82,220.87,220.8,220.81,2403
2024-07-08 19:24:00,220.78,220.85,220.7,220.74,3861
2024-07-08 19:25:00,220.71,220.84,220.7,220.78,5357
2024-07-08 19:26:00,220.82,220.9,220.8,220.9,4233
2024-07-08 19:27:00,220.92,221.03,220.8,220.84,7010
2024-07-08 19:28:00,220.86,220.86,220.69,220.73,3246
2024-07-08 19:29:00,220.74,220.96,220.69,220.87,2869
2024-07-08 19:30:00,220.84,220.96,220.78,220.96,4887
2024-07-08 19:31:00,220.99,220.99,220.86,220.86,2133
2024-07-08 19:32:00,220.83,220.95,220.83,220.9,5378
2024-07-08 19:33:00,220.84,220.84,220.61,220.71,7914
2024-07-08 19:34:00,220.72,220.72,220.44,220.44,4172
2024-07-08 19:35:00,220.46,220.58,220.42,220.5,3255
2024-07-08 19:36:00,220.59,220.64,220.42,220.51,3147
2024-07-08 19:37:00,220.5,220.58,220.25,220.29,8816
2024-07-08 19:38:00,220.32,220.44,220.32,220.42,2705
2024-07-08 19:39:00,220.42,220.47,220.33,220.33,4902
2024-07-08 19:40:00,220.32,220.58,220.32,220.58,6700
2024-07-08 19:41:00,220.43,220.51,220.37,220.37,3625
2024-07-08 19:42:00,220.36,220.44,220.28,220.36,5506
2024-07-08 19:43:00,220.3,220.42,220.25,220.42,2666
2024-07-08 19:44:00,220.34,220.35,220.09,220.21,18763
2024-07-08 19:45:00,220.14,220.42,220.12,220.34,12198
2024-07-08 19:46:00,220.36,220.61,220.24,220.51,15617
2024-07-08 19:47:00,220.59,220.59,220.36,220.47,9125
2024-07-08 19:48:00,220.47,220.63,220.44,220.52,5857
2024-07-08 19:49:00,220.53,220.7,220.51,220.65,8363
2024-07-08 19:50:00,220.7,220.75,220.22,220.48,46083
2024-07-08 19:51:00,220.55,220.55,220.26,220.34,9895
2024-07-08 19:52:00,220.3,220.54,220.24,220.5,21737
2024-07-08 19:53:00,220.46,220.46,220.21,220.25,27664
2024-07-08 19:54:00,220.2,220.64,220.15,220.6,30790
2024-07-08 19:55:00,220.7,221.1,220.7,220.77,42529
2024-07-08 19:56:00,220.77,220.81,220.56,220.68,26514
2024-07-08 19:57:00,220.73,220.73,220.49,220.66,27366
2024-07-08 19:58:00,220.65,220.7,220.53,220.53,42506
2024-07-08 19:59:00,220.56,220.67,220.49,220.56,60463
2024-07-08 20:14:00,220.48,220.48,220.48,220.48,0
2024-07-08 20:29:00,220.34,220.34,220.34,220.34,0
2024-07-08 20:44:00,220.5,220.5,220.5,220.5,0
2024-07-08 20:59:00,220.25,220.25,220.25,220.25,0
2024-07-08 21:14:00,220.6,220.6,220.6,220.6,0
2024-07-08 21:29:00,220.77,220.77,220.77,220.77,0
2024-07-08 21:44:00,220.68,220.68,220.68,220.68,0
2024-07-08 21:59:00,220.66,220.66,220.66,220.66,0
2024-07-08 22:14:00,220.53,220.53,220.53,220.53,0
2024-07-08 22:29:00,220.56,220.56,220.56,220.56,0
