timestamp,open,high,low,close,volume,max_high,min_low,midpoint,diff,smi_raw,smi,smi_signal,Buy_Signal,Sell_Signal,Short_Sell_Signal,Cover_Signal
2023-07-17 00:00:00-04:00,46.29,46.5,45.26,46.46,510382620,,,,,,,,False,False,False,False
2023-07-18 00:00:00-04:00,46.7,47.9,45.73,47.49,570073420,,,,,,,,False,False,False,False
2023-07-19 00:00:00-04:00,47.46,47.82,46.74,47.08,427501790,,,,,,,,False,False,False,False
2023-07-20 00:00:00-04:00,46.51,47.09,45.06,45.52,537797910,,,,,,,,False,False,False,False
2023-07-21 00:00:00-04:00,45.79,45.87,44.1,44.31,963768630,,,,,,,,False,False,False,False
2023-07-24 00:00:00-04:00,44.73,45.11,44.04,44.61,383103390,,,,,,,,False,False,False,False
2023-07-25 00:00:00-04:00,44.94,46.18,44.92,45.68,348080910,,,,,,,,False,False,False,False
2023-07-26 00:00:00-04:00,46.02,46.05,44.63,45.45,364237260,,,,,,,,False,False,False,False
2023-07-27 00:00:00-04:00,46.52,47.4,45.75,45.9,455852020,,,,,,,,False,False,False,False
2023-07-28 00:00:00-04:00,46.67,47.03,46.38,46.75,331130540,,,,,,,,False,False,False,False
2023-07-31 00:00:00-04:00,46.75,47.13,46.51,46.73,251055280,,,,,,,,False,False,False,False
2023-08-01 00:00:00-04:00,46.46,46.9,46.03,46.51,239243970,,,,,,,,False,False,False,False
2023-08-02 00:00:00-04:00,45.83,45.84,43.39,44.27,530117460,,,,,,,,False,False,False,False
2023-08-03 00:00:00-04:00,43.8,45.12,43.8,44.52,325044600,47.9,43.39,45.644999999999996,4.509999999999998,-49.889135254988624,,,False,False,False,False
2023-08-04 00:00:00-04:00,44.98,45.64,44.39,44.68,362666180,47.9,43.39,45.644999999999996,4.509999999999998,-42.79379157427923,,,False,False,False,False
2023-08-07 00:00:00-04:00,45.11,45.54,44.56,45.42,322153540,47.82,43.39,45.605000000000004,4.43,-8.352144469526063,,,False,False,False,False
2023-08-08 00:00:00-04:00,44.85,45.24,44.06,44.66,353843430,47.4,43.39,45.394999999999996,4.009999999999998,-36.658354114713205,,,False,False,False,False
2023-08-09 00:00:00-04:00,44.27,44.31,42.13,42.55,586202570,47.4,42.13,44.765,5.269999999999996,-84.0607210626188,-35.32339790046339,-35.32339790046339,False,False,False,False
2023-08-10 00:00:00-04:00,42.16,43.57,41.84,42.39,492630300,47.4,41.84,44.620000000000005,5.559999999999995,-80.21582733812971,-46.42337914675981,-46.42337914675981,True,False,False,True
2023-08-11 00:00:00-04:00,41.75,42.02,40.64,40.85,533028060,47.4,40.64,44.019999999999996,6.759999999999998,-93.78698224852057,-65.34107253462099,-65.34107253462099,True,False,False,True
2023-08-14 00:00:00-04:00,40.49,43.8,40.31,43.75,690175430,47.4,40.31,43.855000000000004,7.089999999999996,-2.961918194640452,-70.66257343844684,-70.66257343844684,True,False,False,True
2023-08-15 00:00:00-04:00,44.56,45.27,43.71,43.94,676051510,47.4,40.31,43.855000000000004,7.089999999999996,2.397743300422956,-58.819935063699766,-58.819935063699766,True,False,False,True
2023-08-16 00:00:00-04:00,44.52,44.68,43.41,43.49,513950680,47.13,40.31,43.72,6.82,-6.744868035190524,-30.958325317048537,-30.958325317048537,False,False,False,False
2023-08-17 00:00:00-04:00,43.97,44.06,43.0,43.34,452355320,47.13,40.31,43.72,6.82,-11.143695014662622,-13.016779980175146,-13.016779980175146,False,False,False,False
2023-08-18 00:00:00-04:00,42.64,43.58,41.66,43.3,583742610,46.9,40.31,43.605000000000004,6.589999999999996,-9.256449165402337,-5.549430543788193,-5.549430543788193,False,False,False,False
2023-08-21 00:00:00-04:00,44.49,47.06,44.22,46.97,692558370,47.06,40.31,43.685,6.75,97.33333333333323,3.8108174653980615,3.8108174653980615,False,False,False,False
2023-08-22 00:00:00-04:00,48.14,48.19,45.33,45.67,755958210,48.19,40.31,44.25,7.8799999999999955,36.0406091370559,19.322852249222173,19.322852249222173,False,False,False,False
2023-08-23 00:00:00-04:00,45.87,47.2,45.21,47.12,778565080,48.19,40.31,44.25,7.8799999999999955,72.84263959390861,45.251918280283654,45.251918280283654,False,True,True,False
2023-08-24 00:00:00-04:00,50.22,50.27,47.16,47.16,1155887340,50.27,40.31,45.290000000000006,9.96,37.550200803212654,52.974169433717975,52.974169433717975,False,True,True,False
2023-08-25 00:00:00-04:00,47.01,47.8,45.02,46.02,925311520,50.27,40.31,45.290000000000006,9.96,14.658634538152546,53.07794517041652,53.07794517041652,False,True,True,False
2023-08-28 00:00:00-04:00,46.48,46.98,44.89,46.84,684997430,50.27,40.31,45.290000000000006,9.96,31.124497991967814,39.424250866975996,39.424250866975996,False,False,False,False
2023-08-29 00:00:00-04:00,46.67,49.08,46.39,48.78,701396990,50.27,40.31,45.290000000000006,9.96,70.08032128514046,36.02758467598529,36.02758467598529,False,False,False,False
2023-08-30 00:00:00-04:00,49.04,49.93,48.42,49.26,734897980,50.27,40.31,45.290000000000006,9.96,79.71887550200786,42.23560910307888,42.23560910307888,False,True,True,False
2023-08-31 00:00:00-04:00,49.38,49.74,48.96,49.36,528569770,50.27,40.31,45.290000000000006,9.96,81.72690763052194,58.70147255689414,58.70147255689414,False,True,True,False
2023-09-01 00:00:00-04:00,49.76,49.8,48.14,48.51,463726800,50.27,41.66,45.965,8.610000000000007,59.1173054587687,70.33476530978722,70.33476530978722,False,True,True,False
2023-09-05 00:00:00-04:00,48.22,48.85,47.86,48.55,382652580,50.27,41.66,45.965,8.610000000000007,60.04645760743303,72.55331818952139,72.55331818952139,False,True,True,False
2023-09-06 00:00:00-04:00,48.44,48.55,46.58,47.06,468631770,50.27,41.66,45.965,8.610000000000007,25.435540069686365,62.8947847137678,62.8947847137678,False,True,True,False
2023-09-07 00:00:00-04:00,45.52,46.34,45.15,46.24,433329890,50.27,41.66,45.965,8.610000000000007,6.387921022067326,48.59554361464427,48.59554361464427,False,True,True,False
2023-09-08 00:00:00-04:00,45.94,46.61,45.27,45.57,473899940,50.27,44.22,47.245000000000005,6.050000000000004,-55.371900826446385,23.657864677820232,23.657864677820232,False,False,False,False
2023-09-11 00:00:00-04:00,46.15,46.16,44.31,45.18,473917550,50.27,44.31,47.290000000000006,5.960000000000001,-70.805369127517,-5.718652218600226,-5.718652218600226,False,False,False,False
2023-09-12 00:00:00-04:00,44.74,45.67,44.53,44.87,349249340,50.27,44.31,47.290000000000006,5.960000000000001,-81.20805369127545,-38.96923470131417,-38.96923470131417,False,False,False,False
2023-09-13 00:00:00-04:00,44.6,45.93,44.5,45.48,398287350,50.27,44.31,47.290000000000006,5.960000000000001,-60.73825503355735,-59.99181671438718,-59.99181671438718,True,False,False,True
2023-09-14 00:00:00-04:00,45.95,45.99,45.13,45.58,370097200,49.93,44.31,47.120000000000005,5.619999999999997,-54.804270462633696,-68.54306452056169,-68.54306452056169,True,False,False,True
2023-09-15 00:00:00-04:00,45.34,45.6,43.81,43.9,505852110,49.93,43.81,46.870000000000005,6.119999999999997,-97.058823529412,-69.12262289615772,-69.12262289615772,True,False,False,True
2023-09-18 00:00:00-04:00,42.75,44.24,42.0,43.97,500222790,49.93,42.0,45.965,7.93,-50.31525851197994,-67.94780896856612,-67.94780896856612,True,False,False,True
2023-09-19 00:00:00-04:00,43.83,43.97,43.0,43.52,373064240,49.93,42.0,45.965,7.93,-61.664564943253474,-69.31314983491934,-69.31314983491934,True,False,False,True
2023-09-20 00:00:00-04:00,43.6,43.9,42.22,42.24,367063690,49.8,42.0,45.9,7.799999999999997,-93.8461538461538,-68.56033075445092,-68.56033075445092,True,False,False,True
2023-09-21 00:00:00-04:00,41.58,42.1,40.98,41.02,450443960,49.8,40.98,45.39,8.82,-99.09297052154189,-74.38536817744243,-74.38536817744243,True,False,False,True
2023-09-22 00:00:00-04:00,41.57,42.12,41.23,41.61,479092310,48.85,40.98,44.915,7.8700000000000045,-83.98983481575598,-81.928736199532,-81.928736199532,True,False,False,True
2023-09-25 00:00:00-04:00,41.59,42.54,41.18,42.22,419090960,48.55,40.98,44.765,7.57,-67.23910171730519,-86.87272839433376,-86.87272839433376,True,False,False,True
2023-09-26 00:00:00-04:00,42.0,42.82,41.66,41.91,402282090,46.61,40.98,43.795,5.630000000000003,-66.96269982238026,-82.82694473261068,-82.82694473261068,True,False,False,True
2023-09-27 00:00:00-04:00,42.33,42.87,41.63,42.47,444935200,46.61,40.98,43.795,5.630000000000003,-47.069271758437026,-72.19829074535188,-72.19829074535188,True,False,False,True
2023-09-28 00:00:00-04:00,42.46,43.45,42.12,43.09,424662790,46.16,40.98,43.56999999999999,5.18,-18.532818532818137,-59.11416664079993,-59.11416664079993,True,False,False,True
2023-09-29 00:00:00-04:00,43.83,44.14,43.31,43.5,397829930,45.99,40.98,43.485,5.010000000000005,0.5988023952096029,-42.09323903420039,-42.09323903420039,True,False,False,True
2023-10-02 00:00:00-04:00,44.03,45.18,43.86,44.78,433298210,45.99,40.98,43.485,5.010000000000005,51.696606786427154,-18.20060970676248,-18.20060970676248,False,False,False,False
2023-10-03 00:00:00-04:00,44.81,45.13,43.25,43.52,470849540,45.99,40.98,43.485,5.010000000000005,1.3972055888225012,2.4946575025813686,2.4946575025813686,False,False,False,False
2023-10-04 00:00:00-04:00,43.74,44.14,43.29,44.04,361820860,45.6,40.98,43.29,4.6200000000000045,32.467532467532436,19.224061140228887,19.224061140228887,False,False,False,False
2023-10-05 00:00:00-04:00,44.05,44.9,43.89,44.69,393483090,45.18,40.98,43.08,4.200000000000003,76.66666666666659,27.753929370695875,27.753929370695875,False,False,False,False
2023-10-06 00:00:00-04:00,44.19,45.79,44.03,45.76,434391020,45.79,40.98,43.385,4.810000000000002,98.75259875259871,44.88661638362237,44.88661638362237,False,True,True,False
2023-10-09 00:00:00-04:00,44.84,45.6,44.37,45.27,409674720,45.79,40.98,43.385,4.810000000000002,78.37837837837856,63.579538489718125,63.579538489718125,False,True,True,False
2023-10-10 00:00:00-04:00,45.31,46.26,45.09,45.8,368582080,46.26,40.98,43.62,5.280000000000001,82.57575757575755,80.15457515457517,80.15457515457517,False,True,True,False
2023-10-11 00:00:00-04:00,46.2,46.86,46.05,46.81,378136890,46.86,41.18,44.019999999999996,5.68,98.23943661971853,85.85532789758149,85.85532789758149,False,True,True,False
2023-10-12 00:00:00-04:00,46.78,47.61,46.33,46.94,481140000,47.61,41.18,44.394999999999996,6.43,79.16018662519446,86.54174312236223,86.54174312236223,False,True,True,False
2023-10-13 00:00:00-04:00,46.96,47.12,45.28,45.46,475350990,47.61,41.63,44.620000000000005,5.979999999999997,28.093645484949725,80.51802468048754,80.51802468048754,False,True,True,False
2023-10-16 00:00:00-04:00,45.06,46.22,44.91,46.1,375099240,47.61,41.63,44.620000000000005,5.979999999999997,49.498327759197245,69.1356454910972,69.1356454910972,False,True,True,False
2023-10-17 00:00:00-04:00,44.0,44.75,42.48,43.94,812180320,47.61,42.12,44.864999999999995,5.490000000000002,-33.69763205828768,45.12664108722927,45.12664108722927,False,True,True,False
2023-10-18 00:00:00-04:00,42.59,43.22,41.82,42.2,627267940,47.61,41.82,44.715,5.789999999999999,-86.87392055267706,14.397030689270357,14.397030689270357,False,False,False,False
2023-10-19 00:00:00-04:00,42.81,43.3,41.88,42.1,500287080,47.61,41.82,44.715,5.789999999999999,-90.32815198618316,-26.4531764736729,-26.4531764736729,False,False,False,False
2023-10-20 00:00:00-04:00,41.89,42.47,41.08,41.39,477069860,47.61,41.08,44.345,6.530000000000001,-90.50535987748844,-61.07559576280712,-61.07559576280712,True,False,False,True
2023-10-23 00:00:00-04:00,41.23,43.25,40.94,42.98,478512490,47.61,40.94,44.275,6.670000000000002,-38.830584707646224,-77.58569262053493,-77.58569262053493,True,False,False,True
2023-10-24 00:00:00-04:00,43.08,43.7,42.69,43.66,401463370,47.61,40.94,44.275,6.670000000000002,-18.44077961019496,-70.57202813144401,-70.57202813144401,True,False,False,True
2023-10-25 00:00:00-04:00,43.4,43.65,41.56,41.78,398259220,47.61,40.94,44.275,6.670000000000002,-74.81259370314834,-55.50275319862633,-55.50275319862633,True,False,False,True
2023-10-26 00:00:00-04:00,41.85,42.26,39.88,40.33,541001320,47.61,39.88,43.745000000000005,7.729999999999997,-88.35705045278158,-51.27456733138266,-51.27456733138266,True,False,False,True
2023-10-27 00:00:00-04:00,41.13,41.21,40.02,40.5,416784410,47.61,39.88,43.745000000000005,7.729999999999997,-83.95860284605449,-62.31362542101098,-62.31362542101098,True,False,False,True
2023-10-30 00:00:00-04:00,41.09,42.28,40.48,41.16,388042130,47.61,39.88,43.745000000000005,7.729999999999997,-66.88227684346725,-74.21517787893474,-74.21517787893474,True,False,False,True
2023-10-31 00:00:00-04:00,40.45,40.88,39.23,40.78,517938700,47.61,39.23,43.42,8.380000000000003,-63.0071599045346,-77.79713519314934,-77.79713519314934,True,False,False,True
2023-11-01 00:00:00-04:00,40.88,42.38,40.87,42.32,437592900,47.12,39.23,43.175,7.890000000000001,-21.673003802281286,-67.17871225407143,-67.17871225407143,True,False,False,True
2023-11-02 00:00:00-04:00,43.33,43.88,42.89,43.51,409144370,46.22,39.23,42.724999999999994,6.990000000000002,22.46065808297578,-47.51444286313107,-47.51444286313107,True,False,False,True
2023-11-03 00:00:00-04:00,44.02,45.31,43.72,45.0,424609590,45.31,39.23,42.269999999999996,6.080000000000005,89.80263157894743,-13.687962257164592,-13.687962257164592,False,False,False,False
2023-11-06 00:00:00-05:00,45.28,45.94,44.9,45.75,400733350,45.94,39.23,42.584999999999994,6.710000000000001,94.33681073025353,26.10787562533095,26.10787562533095,False,False,False,False
2023-11-07 00:00:00-05:00,45.72,46.22,45.16,45.96,343165470,46.22,39.23,42.724999999999994,6.990000000000002,92.56080114449229,63.76562552283466,63.76562552283466,False,True,True,False
2023-11-08 00:00:00-05:00,46.1,46.87,45.97,46.57,346718940,46.87,39.23,43.05,7.640000000000001,92.14659685863882,84.70495028658384,84.70495028658384,False,True,True,False
2023-11-09 00:00:00-05:00,47.47,48.23,46.75,46.95,540345970,48.23,39.23,43.73,9.0,71.55555555555569,90.22304508286273,90.22304508286273,False,True,True,False
2023-11-10 00:00:00-05:00,47.5,48.47,47.28,48.34,422441560,48.47,39.23,43.849999999999994,9.240000000000002,97.18614718614737,88.46616243249035,88.46616243249035,False,True,True,False
2023-11-13 00:00:00-05:00,48.32,49.12,48.1,48.62,384133700,49.12,39.23,44.175,9.89,89.88877654196158,86.19797027141037,86.19797027141037,False,True,True,False
2023-11-14 00:00:00-05:00,49.68,49.83,49.04,49.66,416725870,49.83,39.23,44.53,10.600000000000001,96.79245283018858,89.26512838247822,89.26512838247822,False,True,True,False
2023-11-15 00:00:00-05:00,49.94,49.96,48.2,48.89,474997350,49.96,39.23,44.595,10.730000000000004,80.05591798695248,89.91500035567385,89.91500035567385,False,True,True,False
2023-11-16 00:00:00-05:00,48.68,49.52,48.33,49.48,339756240,49.96,39.23,44.595,10.730000000000004,91.05312208760478,90.94511298023845,90.94511298023845,False,True,True,False
2023-11-17 00:00:00-05:00,49.52,49.72,49.01,49.3,325800910,49.96,39.23,44.595,10.730000000000004,87.69804287045659,88.16063591209583,88.16063591209583,False,True,True,False
2023-11-20 00:00:00-05:00,49.31,50.55,49.18,50.41,416142600,50.55,40.87,45.709999999999994,9.68,97.10743801652899,89.17413098048333,89.17413098048333,False,True,True,False
2023-11-21 00:00:00-05:00,50.13,50.52,49.22,49.94,565725270,50.55,42.89,46.72,7.659999999999997,84.07310704960837,89.28269709513313,89.28269709513313,False,True,True,False
2023-11-22 00:00:00-05:00,49.85,50.33,47.69,48.72,890642330,50.55,43.72,47.135,6.829999999999998,46.41288433382142,85.81451336790478,85.81451336790478,False,True,True,False
2023-11-24 00:00:00-05:00,48.47,48.92,47.74,47.78,294644640,50.55,44.9,47.724999999999994,5.649999999999999,1.9469026548674984,69.87832348609444,69.87832348609444,False,True,True,False
2023-11-27 00:00:00-05:00,47.8,48.53,47.65,48.24,395586300,50.55,45.16,47.855,5.390000000000001,14.285714285714473,46.96353607918439,46.96353607918439,False,True,True,False
2023-11-28 00:00:00-05:00,48.24,48.32,47.47,47.82,401490850,50.55,45.97,48.26,4.579999999999998,-19.213973799126546,21.344115383795124,21.344115383795124,False,False,False,False
2023-11-29 00:00:00-05:00,48.38,48.76,47.86,48.14,382004650,50.55,46.75,48.65,3.799999999999997,-26.842105263157812,3.0993088488098812,3.0993088488098812,False,False,False,False
2023-11-30 00:00:00-05:00,48.02,48.11,46.42,46.77,526246630,50.55,46.42,48.485,4.1299999999999955,-83.05084745762703,-18.206516461669537,-18.206516461669537,False,False,False,False
2023-12-01 00:00:00-05:00,46.52,47.2,46.19,46.76,369317010,50.55,46.19,48.37,4.359999999999999,-73.85321100917429,-38.29149500293782,-38.29149500293782,False,False,False,False
2023-12-04 00:00:00-05:00,46.08,46.08,45.01,45.51,437543440,50.55,45.01,47.78,5.539999999999999,-81.94945848375464,-61.30073413338072,-61.30073413338072,True,False,False,True
2023-12-05 00:00:00-05:00,45.47,46.6,45.27,46.57,371717620,50.55,45.01,47.78,5.539999999999999,-43.68231046931412,-69.12051784919535,-69.12051784919535,True,False,False,True
2023-12-06 00:00:00-05:00,47.21,47.39,45.41,45.5,380589550,50.55,45.01,47.78,5.539999999999999,-82.31046931407947,-71.8089705755497,-71.8089705755497,True,False,False,True
2023-12-07 00:00:00-05:00,45.7,46.63,45.6,46.6,350822550,50.55,45.01,47.78,5.539999999999999,-42.599277978339344,-64.00214177679158,-64.00214177679158,True,False,False,True
2023-12-08 00:00:00-05:00,46.6,47.74,46.55,47.51,359223700,50.55,45.01,47.78,5.539999999999999,-9.747292418772679,-56.79903730445252,-56.79903730445252,True,False,False,True
2023-12-11 00:00:00-05:00,47.49,47.53,45.83,46.63,509728090,50.52,45.01,47.765,5.510000000000005,-41.197822141560685,-44.088165556844125,-44.088165556844125,True,False,False,True
2023-12-12 00:00:00-05:00,46.05,47.67,46.05,47.66,372386860,50.33,45.01,47.67,5.32,-0.3759398496242525,-31.05805407331354,-31.05805407331354,False,False,False,False
2023-12-13 00:00:00-05:00,47.63,48.59,47.61,48.09,447791860,48.92,45.01,46.965,3.9100000000000037,57.544757033248025,-14.321605767396358,-14.321605767396358,False,False,False,False
2023-12-14 00:00:00-05:00,48.39,48.67,47.42,48.35,391231740,48.76,45.01,46.885,3.75,78.13333333333351,11.105787905451416,11.105787905451416,False,False,False,False
2023-12-15 00:00:00-05:00,48.19,49.4,48.12,48.89,479133580,49.4,45.01,47.205,4.390000000000001,76.76537585421421,40.41295686442401,40.41295686442401,False,True,True,False
2023-12-18 00:00:00-05:00,49.4,50.43,49.15,50.08,411087170,50.43,45.01,47.72,5.420000000000002,87.08487084870843,65.52546630822324,65.52546630822324,False,True,True,False
2023-12-19 00:00:00-05:00,49.42,49.7,48.9,49.6,464444460,50.43,45.01,47.72,5.420000000000002,69.37269372693734,76.40555407632354,76.40555407632354,False,True,True,False
2023-12-20 00:00:00-05:00,49.66,50.0,48.1,48.11,397894390,50.43,45.01,47.72,5.420000000000002,14.39114391143913,71.78391432813346,71.78391432813346,False,True,True,False
2023-12-21 00:00:00-05:00,48.81,49.1,48.42,48.99,300347350,50.43,45.01,47.72,5.420000000000002,46.86346863468644,59.41099502111198,59.41099502111198,False,True,True,False
2023-12-22 00:00:00-05:00,49.2,49.38,48.47,48.83,252276760,50.43,45.27,47.85,5.159999999999997,37.98449612403091,44.52390260336714,44.52390260336714,False,True,True,False
2023-12-26 00:00:00-05:00,48.97,49.6,48.96,49.28,243147520,50.43,45.41,47.92,5.020000000000003,54.183266932270854,40.98862740380084,40.98862740380084,False,True,True,False
2023-12-27 00:00:00-05:00,49.51,49.68,49.08,49.42,233647980,50.43,45.6,48.015,4.829999999999998,58.17805383022782,43.17957302751936,43.17957302751936,False,True,True,False
2023-12-28 00:00:00-05:00,49.64,49.88,49.41,49.52,246587480,50.43,45.83,48.129999999999995,4.600000000000001,60.43478260869597,51.352572438745824,51.352572438745824,False,True,True,False
2023-12-29 00:00:00-05:00,49.81,50.0,48.75,49.52,388693300,50.43,45.83,48.129999999999995,4.600000000000001,60.43478260869597,55.79883770059377,55.79883770059377,False,True,True,False
2024-01-02 00:00:00-05:00,49.24,49.3,47.6,48.17,411170220,50.43,46.05,48.239999999999995,4.380000000000003,-3.1963470319631573,52.168548956027024,52.168548956027024,False,True,True,False
2024-01-03 00:00:00-05:00,47.48,48.18,47.32,47.57,320822670,50.43,47.32,48.875,3.1099999999999994,-83.92282958199357,30.00404924753197,30.00404924753197,False,False,False,False
2024-01-04 00:00:00-05:00,47.77,48.5,47.51,48.0,305489390,50.43,47.32,48.875,3.1099999999999994,-56.270096463022526,-5.822272099645692,-5.822272099645692,False,False,False,False
2024-01-05 00:00:00-05:00,48.46,49.55,48.31,49.1,409571270,50.43,47.32,48.875,3.1099999999999994,14.469453376205882,-32.866348861227806,-32.866348861227806,False,False,False,False
2024-01-08 00:00:00-05:00,49.51,52.28,49.48,52.25,642509900,52.28,47.32,49.8,4.960000000000001,98.79032258064527,-23.569229583551206,-23.569229583551206,False,False,False,False
2024-01-09 00:00:00-05:00,52.4,54.32,51.69,53.14,772959260,54.32,47.32,50.82,7.0,66.28571428571429,12.312410785287092,12.312410785287092,False,False,False,False
2024-01-10 00:00:00-05:00,53.62,54.6,53.49,54.35,533749760,54.6,47.32,50.96,7.280000000000001,93.13186813186813,54.97145274829131,54.97145274829131,False,True,True,False
2024-01-11 00:00:00-05:00,55.0,55.35,53.56,54.82,596737270,55.35,47.32,51.335,8.030000000000001,86.79950186799499,75.9967199473745,75.9967199473745,False,True,True,False
2024-01-12 00:00:00-05:00,54.62,54.97,54.33,54.71,352418800,55.35,47.32,51.335,8.030000000000001,84.05977584059775,85.3795705693629,85.3795705693629,False,True,True,False
2024-01-16 00:00:00-05:00,55.02,56.84,54.9,56.38,449486130,56.84,47.32,52.08,9.520000000000003,90.33613445378157,85.71151580982364,85.71151580982364,False,True,True,False
2024-01-17 00:00:00-05:00,56.35,56.47,54.74,56.05,474394440,56.84,47.32,52.08,9.520000000000003,83.40336134453776,86.99842551575024,86.99842551575024,False,True,True,False
2024-01-18 00:00:00-05:00,57.26,57.6,56.11,57.11,491650360,57.6,47.32,52.46,10.280000000000001,90.46692607003888,87.02234507440551,87.02234507440551,False,True,True,False
2024-01-19 00:00:00-05:00,57.99,59.5,57.22,59.49,543304230,59.5,47.32,53.41,12.18,99.83579638752062,88.4124197010414,88.4124197010414,False,True,True,False
2024-01-22 00:00:00-05:00,60.05,60.33,59.07,59.65,452753830,60.33,47.32,53.825,13.009999999999998,89.54650269023823,90.86241453536148,90.86241453536148,False,True,True,False
2024-01-23 00:00:00-05:00,59.57,59.91,58.58,59.87,294574450,60.33,47.32,53.825,13.009999999999998,92.92851652574934,92.87401383926702,92.87401383926702,False,True,True,False
2024-01-24 00:00:00-05:00,60.3,62.85,59.94,61.36,560270640,62.85,47.51,55.18,15.340000000000003,80.57366362451106,91.68985817686716,91.68985817686716,False,True,True,False
2024-01-25 00:00:00-05:00,62.35,62.72,60.85,61.62,482551840,62.85,48.31,55.58,14.54,83.08115543328748,89.10475933639496,89.10475933639496,False,True,True,False
2024-01-26 00:00:00-05:00,60.96,61.78,60.57,61.03,389742590,62.85,49.48,56.165,13.370000000000005,72.77486910994764,84.00685628797696,84.00685628797696,False,True,True,False
2024-01-29 00:00:00-05:00,61.23,62.49,60.91,62.46,348703480,62.85,51.69,57.269999999999996,11.160000000000004,93.01075268817209,82.43108899807793,82.43108899807793,False,True,True,False
2024-01-30 00:00:00-05:00,62.9,63.49,62.26,62.77,410709050,63.49,53.49,58.49,10.0,85.60000000000002,81.85356524414146,81.85356524414146,False,True,True,False
2024-01-31 00:00:00-05:00,61.44,62.27,60.7,61.53,453794870,63.49,53.56,58.525000000000006,9.93,60.52366565961723,82.15409081970182,82.15409081970182,False,True,True,False
2024-02-01 00:00:00-05:00,62.1,63.19,61.65,63.03,369145790,63.49,54.33,58.91,9.160000000000004,89.95633187772933,80.73333752036174,80.73333752036174,False,True,True,False
2024-02-02 00:00:00-05:00,63.97,66.6,63.69,66.16,476527650,66.6,54.74,60.67,11.859999999999992,92.58010118043842,79.80827940032454,79.80827940032454,False,True,True,False
2024-02-05 00:00:00-05:00,68.22,69.5,67.2,69.33,679845010,69.5,54.74,62.120000000000005,14.759999999999998,97.69647696476957,84.37477847534099,84.37477847534099,False,True,True,False
2024-02-06 00:00:00-05:00,69.63,69.75,66.3,68.22,683010610,69.75,56.11,62.93,13.64,77.56598240469206,87.90395214340248,87.90395214340248,False,True,True,False
2024-02-07 00:00:00-05:00,68.32,70.22,67.6,70.1,495574550,70.22,57.22,63.72,13.0,98.15384615384608,91.27686401068279,91.27686401068279,False,True,True,False
2024-02-08 00:00:00-05:00,70.07,70.79,69.46,69.64,406277410,70.79,58.58,64.685,12.210000000000008,81.16298116298108,88.68240842163634,88.68240842163634,False,True,True,False
2024-02-09 00:00:00-05:00,70.53,72.18,70.21,72.13,436131390,72.18,58.58,65.38,13.600000000000009,99.26470588235287,89.87562760488966,89.87562760488966,False,True,True,False
2024-02-12 00:00:00-05:00,72.6,74.61,71.25,72.25,613222380,74.61,59.94,67.275,14.670000000000002,67.82549420586221,87.07972490798836,87.07972490798836,False,True,True,False
2024-02-13 00:00:00-05:00,70.4,73.45,69.62,72.13,602580150,74.61,60.57,67.59,14.04,64.67236467236457,84.2885865789951,84.2885865789951,False,True,True,False
2024-02-14 00:00:00-05:00,73.2,74.24,71.94,73.9,504917420,74.61,60.57,67.59,14.04,89.88603988603992,78.04440497511582,78.04440497511582,False,True,True,False
2024-02-15 00:00:00-05:00,73.87,73.97,72.4,72.66,420015810,74.61,60.7,67.655,13.909999999999997,71.96261682242987,75.62972054507564,75.62972054507564,False,True,True,False
2024-02-16 00:00:00-05:00,74.1,74.4,72.5,72.61,495163120,74.61,60.7,67.655,13.909999999999997,71.24370956146656,75.77747626833751,75.77747626833751,False,True,True,False
2024-02-20 00:00:00-05:00,71.95,71.96,67.73,69.45,704774600,74.61,60.7,67.655,13.909999999999997,25.808770668583787,69.84760941147233,69.84760941147233,False,True,True,False
2024-02-21 00:00:00-05:00,68.01,68.89,66.25,67.47,690155070,74.61,61.65,68.13,12.96,-10.185185185185132,54.33052870747576,54.33052870747576,False,True,True,False
2024-02-22 00:00:00-05:00,75.03,78.58,74.22,78.54,865031740,78.58,63.69,71.13499999999999,14.89,99.4627266621896,41.21874491588152,41.21874491588152,False,True,True,False
2024-02-23 00:00:00-05:00,80.79,82.39,77.57,78.82,829312570,82.39,66.25,74.32,16.14,55.762081784386616,38.554803383538285,38.554803383538285,False,False,False,False
2024-02-26 00:00:00-05:00,79.7,80.65,78.5,79.09,503219230,82.39,66.25,74.32,16.14,59.10780669144994,52.71761672722283,52.71761672722283,False,True,True,False
2024-02-27 00:00:00-05:00,79.38,79.48,77.16,78.7,391524040,82.39,66.25,74.32,16.14,54.27509293680309,58.72413553467299,58.72413553467299,False,True,True,False
2024-02-28 00:00:00-05:00,77.62,78.93,77.12,77.66,393110400,82.39,66.25,74.32,16.14,41.38785625774478,59.805372492962626,59.805372492962626,False,True,True,False
2024-02-29 00:00:00-05:00,79.09,79.99,78.35,79.11,507288980,82.39,66.25,74.32,16.14,59.355638166047164,53.21492496213694,53.21492496213694,False,True,True,False
2024-03-01 00:00:00-05:00,80.0,82.3,79.44,82.28,479135100,82.39,66.25,74.32,16.14,98.6369268897151,56.57441828445553,56.57441828445553,False,True,True,False
2024-03-04 00:00:00-05:00,84.13,87.7,83.72,85.24,615608950,87.7,66.25,76.975,21.450000000000003,77.06293706293705,65.4949456436446,65.4949456436446,False,True,True,False
2024-03-05 00:00:00-05:00,85.27,86.1,83.42,85.96,519332700,87.7,66.25,76.975,21.450000000000003,83.77622377622376,77.10133457345358,77.10133457345358,False,True,True,False
2024-03-06 00:00:00-05:00,88.02,89.72,87.03,88.7,580470300,89.72,66.25,77.985,23.47,91.30805283340437,82.96431150223783,82.96431150223783,False,True,True,False
2024-03-07 00:00:00-05:00,90.16,92.77,89.6,92.67,608047160,92.77,66.25,79.50999999999999,26.519999999999996,99.24585218702875,87.32815891089979,87.32815891089979,False,True,True,False
2024-03-08 00:00:00-05:00,95.14,97.4,86.51,87.53,1142249760,97.4,66.25,81.825,31.150000000000006,36.62921348314605,83.74005121920014,83.74005121920014,False,True,True,False
2024-03-11 00:00:00-04:00,86.43,88.8,84.17,85.77,678335120,97.4,66.25,81.825,31.150000000000006,25.329052969502357,73.63526288221259,73.63526288221259,False,True,True,False
2024-03-12 00:00:00-04:00,88.05,91.96,86.15,91.91,667930150,97.4,74.22,85.81,23.180000000000007,52.631578947368354,55.88634250480812,55.88634250480812,False,True,True,False
2024-03-13 00:00:00-04:00,91.06,91.5,88.44,90.89,635702540,97.4,77.12,87.26,20.28,35.79881656804729,43.28371250273466,43.28371250273466,False,True,True,False
2024-03-14 00:00:00-04:00,89.58,90.65,86.6,87.94,602281560,97.4,77.12,87.26,20.28,6.706114398422018,35.9428670887525,35.9428670887525,False,False,False,False
2024-03-15 00:00:00-04:00,86.93,89.55,86.26,87.84,635271160,97.4,77.12,87.26,20.28,5.719921104536472,28.56897894108461,28.56897894108461,False,False,False,False
2024-03-18 00:00:00-04:00,90.39,92.4,87.08,88.46,668981610,97.4,77.12,87.26,20.28,11.834319526627105,18.62463522382545,18.62463522382545,False,False,False,False
2024-03-19 00:00:00-04:00,86.7,90.54,85.01,89.4,672153770,97.4,78.35,87.875,19.05000000000001,16.010498687664093,11.78332737993545,11.78332737993545,False,False,False,False
2024-03-20 00:00:00-04:00,89.8,90.41,88.22,90.37,476602790,97.4,79.44,88.42,17.960000000000008,21.714922048997796,11.93164829018914,11.93164829018914,False,False,False,False
2024-03-21 00:00:00-04:00,92.3,92.65,90.4,91.44,479699710,97.4,83.42,90.41,13.980000000000004,14.735336194563676,15.065026279260247,15.065026279260247,False,False,False,False
2024-03-22 00:00:00-04:00,91.14,94.78,90.83,94.29,586419360,97.4,83.42,90.41,13.980000000000004,55.50786838340499,21.553180424609,21.553180424609,False,False,False,False
2024-03-25 00:00:00-04:00,93.94,96.77,93.51,95.0,552047330,97.4,84.17,90.785,13.230000000000004,63.71882086167804,30.931212110870973,30.931212110870973,False,False,False,False
2024-03-26 00:00:00-04:00,95.85,96.38,92.5,92.56,511647580,97.4,84.17,90.785,13.230000000000004,26.83295540438405,41.33108852400892,41.33108852400892,False,True,True,False
2024-03-27 00:00:00-04:00,93.11,93.24,89.12,90.25,586046230,97.4,84.17,90.785,13.230000000000004,-8.08767951625089,40.27619631543611,40.27619631543611,False,True,True,False
2024-03-28 00:00:00-04:00,90.0,91.3,89.19,90.36,435212270,96.77,84.17,90.47,12.599999999999994,-1.7460317460317378,27.28033172681997,27.28033172681997,False,False,False,False
2024-04-01 00:00:00-04:00,90.3,92.22,89.2,90.36,451941490,96.77,85.01,90.89,11.759999999999991,-9.013605442176898,8.957336020828123,8.957336020828123,False,False,False,False
2024-04-02 00:00:00-04:00,88.45,90.09,87.62,89.45,432545050,96.77,85.01,90.89,11.759999999999991,-24.489795918367328,-4.121945074326007,-4.121945074326007,False,False,False,False
2024-04-03 00:00:00-04:00,88.48,90.37,88.4,88.96,369402050,96.77,85.01,90.89,11.759999999999991,-32.82312925170082,-13.380364491475616,-13.380364491475616,False,False,False,False
2024-04-04 00:00:00-04:00,90.41,90.63,85.88,85.9,434715420,96.77,85.01,90.89,11.759999999999991,-84.86394557823127,-27.08364827412449,-27.08364827412449,False,False,False,False
2024-04-05 00:00:00-04:00,86.87,88.48,85.93,88.01,399584460,96.77,85.01,90.89,11.759999999999991,-48.979591836734656,-41.685563114134574,-41.685563114134574,True,False,False,True
2024-04-08 00:00:00-04:00,88.7,88.83,86.73,87.13,283220000,96.77,85.01,90.89,11.759999999999991,-63.94557823129266,-56.29251700680275,-56.29251700680275,True,False,False,True
2024-04-09 00:00:00-04:00,87.44,87.64,83.02,85.35,503509350,96.77,83.02,89.895,13.75,-66.10909090909092,-60.387782587782624,-60.387782587782624,True,False,False,True
2024-04-10 00:00:00-04:00,83.93,87.4,83.71,87.04,431791530,96.77,83.02,89.895,13.75,-41.52727272727258,-60.93392427678145,-60.93392427678145,True,False,False,True
2024-04-11 00:00:00-04:00,87.42,90.74,86.93,90.62,431532370,96.77,83.02,89.895,13.75,10.54545454545467,-49.74523465952036,-49.74523465952036,True,False,False,True
2024-04-12 00:00:00-04:00,89.7,90.18,87.53,88.19,425669890,96.77,83.02,89.895,13.75,-24.799999999999976,-36.05051879337588,-36.05051879337588,False,False,False,False
2024-04-15 00:00:00-04:00,89.1,90.61,85.93,86.0,441045770,96.38,83.02,89.69999999999999,13.36,-55.389221556886056,-24.72405492046201,-24.72405492046201,False,False,False,False
2024-04-16 00:00:00-04:00,86.43,88.12,86.06,87.42,367398450,93.24,83.02,88.13,10.219999999999999,-13.894324853228843,-24.389903511484903,-24.389903511484903,False,False,False,False
2024-04-17 00:00:00-04:00,88.34,88.78,83.95,84.04,492962320,92.22,83.02,87.62,9.200000000000003,-77.82608695652168,-34.53743853202031,-34.53743853202031,False,False,False,False
2024-04-18 00:00:00-04:00,84.97,86.19,82.4,84.67,446300950,92.22,82.4,87.31,9.819999999999993,-53.76782077393081,-42.96460137338142,-42.96460137338142,True,False,False,True
2024-04-19 00:00:00-04:00,83.15,84.32,75.61,76.2,872488690,90.74,75.61,83.175,15.129999999999995,-92.20092531394576,-57.376966554968455,-57.376966554968455,True,False,False,True
2024-04-22 00:00:00-04:00,78.1,80.07,76.4,79.52,595945450,90.74,75.61,83.175,15.129999999999995,-48.314606741573066,-62.61849093972546,-62.61849093972546,True,False,False,True
2024-04-23 00:00:00-04:00,80.77,82.77,80.26,82.42,435839500,90.74,75.61,83.175,15.129999999999995,-9.98017184401845,-63.17487664148723,-63.17487664148723,True,False,False,True
2024-04-24 00:00:00-04:00,83.95,84.08,79.18,79.68,509855150,90.74,75.61,83.175,15.129999999999995,-46.19960343688025,-49.91927097238429,-49.91927097238429,True,False,False,True
2024-04-25 00:00:00-04:00,78.87,83.32,78.22,82.63,423086000,90.74,75.61,83.175,15.129999999999995,-7.204230006609411,-35.37489902327968,-35.37489902327968,False,False,False,False
2024-04-26 00:00:00-04:00,83.82,88.33,83.39,87.74,548466880,90.74,75.61,83.175,15.129999999999995,60.34368803701254,-17.882059190717445,-17.882059190717445,False,False,False,False
2024-04-29 00:00:00-04:00,87.6,87.99,85.27,87.76,385402660,90.74,75.61,83.175,15.129999999999995,60.60806345009926,6.367041198501904,6.367041198501904,False,False,False,False
2024-04-30 00:00:00-04:00,87.24,88.82,86.3,86.4,362205890,90.74,75.61,83.175,15.129999999999995,42.630535360211624,31.585518102372077,31.585518102372077,False,False,False,False
2024-05-01 00:00:00-04:00,85.08,86.0,81.25,83.04,557785740,90.61,75.61,83.11,15.0,-0.9333333333332423,42.18167486720038,42.18167486720038,False,True,True,False
2024-05-02 00:00:00-04:00,84.45,86.24,83.2,85.82,373277810,90.61,75.61,83.11,15.0,36.13333333333325,38.19089863161252,38.19089863161252,False,False,False,False
2024-05-03 00:00:00-04:00,87.79,89.28,87.04,88.79,396989940,89.28,75.61,82.445,13.670000000000002,92.83101682516477,34.24075751803934,34.24075751803934,False,False,False,False
2024-05-06 00:00:00-04:00,89.39,92.22,89.06,92.14,373538840,92.22,75.61,83.91499999999999,16.61,99.03672486453954,48.206958578712666,48.206958578712666,False,True,True,False
2024-05-07 00:00:00-04:00,91.1,91.78,89.01,90.55,434666860,92.22,75.61,83.91499999999999,16.61,79.89163154726076,69.75460723168527,69.75460723168527,False,True,True,False
2024-05-08 00:00:00-04:00,89.48,91.19,89.42,90.41,323567890,92.22,75.61,83.91499999999999,16.61,78.20590006020475,84.09941163688974,84.09941163688974,False,True,True,False
2024-05-09 00:00:00-04:00,90.53,91.07,88.23,88.75,376806900,92.22,76.4,84.31,15.819999999999993,56.131479140328686,82.5691822729738,82.5691822729738,False,True,True,False
2024-05-10 00:00:00-04:00,90.3,91.4,89.23,89.88,333999310,92.22,78.22,85.22,14.0,66.57142857142853,74.6968972213068,74.6968972213068,False,True,True,False
2024-05-13 00:00:00-04:00,90.48,91.0,88.53,90.4,287631280,92.22,78.22,85.22,14.0,74.0000000000001,67.9823029146126,67.9823029146126,False,True,True,False
2024-05-14 00:00:00-04:00,89.6,91.65,88.93,91.36,295611870,92.22,78.22,85.22,14.0,87.71428571428572,69.54415886327041,69.54415886327041,False,True,True,False
2024-05-15 00:00:00-04:00,92.47,94.86,91.6,94.63,416382730,94.86,81.25,88.055,13.61,96.62013225569417,75.92478221860574,75.92478221860574,False,True,True,False
2024-05-16 00:00:00-04:00,94.91,95.82,94.1,94.36,322635400,95.82,81.25,88.535,14.569999999999993,79.95881949210715,83.43481885753127,83.43481885753127,False,True,True,False
2024-05-17 00:00:00-04:00,94.37,94.74,91.81,92.48,355423920,95.82,81.25,88.535,14.569999999999993,54.152367879203965,83.70655278434138,83.70655278434138,False,True,True,False
2024-05-20 00:00:00-04:00,93.75,95.2,93.44,94.78,315452500,95.82,81.25,88.535,14.569999999999993,85.72409059711747,79.42887056194678,79.42887056194678,False,True,True,False
2024-05-21 00:00:00-04:00,93.6,95.4,93.18,95.39,327223610,95.82,83.2,89.50999999999999,12.61999999999999,93.1854199683045,75.95871956000664,75.95871956000664,False,True,True,False
2024-05-22 00:00:00-04:00,95.46,96.02,93.25,94.95,546107330,96.02,87.04,91.53,8.97999999999999,76.1692650334077,78.6639924457649,78.6639924457649,False,True,True,False
2024-05-23 00:00:00-04:00,102.03,106.32,101.52,103.8,829114450,106.32,88.23,97.275,18.08999999999999,72.13930348258701,81.0705158364172,81.0705158364172,False,True,True,False
2024-05-24 00:00:00-04:00,104.45,106.48,103.0,106.47,426246160,106.48,88.23,97.355,18.25,99.89041095890406,82.75241595089196,82.75241595089196,False,True,True,False
2024-05-28 00:00:00-04:00,110.24,114.94,109.88,113.9,649101510,114.94,88.23,101.58500000000001,26.709999999999994,92.21265443654063,83.77059298191442,83.77059298191442,False,True,True,False
2024-05-29 00:00:00-04:00,113.05,115.49,110.9,114.82,555036090,115.49,88.23,101.86,27.25999999999999,95.08437270726337,88.84764293951538,88.84764293951538,False,True,True,False
2024-05-30 00:00:00-04:00,114.65,115.82,109.66,110.5,480958080,115.82,88.53,102.175,27.289999999999992,61.01135947233423,88.85979928854199,88.85979928854199,False,True,True,False
2024-05-31 00:00:00-04:00,112.52,112.72,106.94,109.63,598461170,115.82,88.53,102.175,27.289999999999992,54.6353975815317,82.91410605333061,82.91410605333061,False,True,True,False
2024-06-03 00:00:00-04:00,113.62,115.0,112.0,115.0,435020680,115.82,88.93,102.375,26.889999999999986,93.90107846783195,74.28748354432948,74.28748354432948,False,True,True,False
2024-06-04 00:00:00-04:00,115.72,116.6,114.04,116.44,400622290,116.6,91.6,104.1,25.0,98.72000000000003,74.17060459246565,74.17060459246565,False,True,True,False
2024-06-05 00:00:00-04:00,118.37,122.45,117.47,122.44,521885410,122.45,91.81,107.13,30.64,99.93472584856397,83.26223509860638,83.26223509860638,False,True,True,False
2024-06-06 00:00:00-04:00,124.05,125.59,118.32,121.0,657231150,125.59,91.81,108.7,33.78,72.8241563055062,90.1434625022033,90.1434625022033,False,True,True,False
2024-06-07 00:00:00-04:00,119.77,121.69,118.02,120.89,405526500,125.59,93.18,109.385,32.41,70.99660598580682,89.75446384559366,89.75446384559366,False,True,True,False
2024-06-10 00:00:00-04:00,120.37,123.1,117.01,121.79,307078688,125.59,93.18,109.385,32.41,76.55044739278001,81.73395333089336,81.73395333089336,False,True,True,False
2024-06-11 00:00:00-04:00,121.77,122.87,118.74,120.91,218971550,125.59,93.25,109.42,32.34,71.05751391465674,75.85902945746818,75.85902945746818,False,True,True,False
2024-06-12 00:00:00-04:00,123.06,126.88,122.57,125.2,294958450,126.88,101.52,114.19999999999999,25.36,86.75078864353324,74.8149474364785,74.8149474364785,False,True,True,False
2024-06-13 00:00:00-04:00,129.39,129.8,127.16,129.61,258929259,129.8,103.0,116.4,26.80000000000001,98.58208955223883,78.81707881718249,78.81707881718249,False,True,True,False
2024-06-14 00:00:00-04:00,129.96,132.84,128.32,131.88,307121311,132.84,106.94,119.89,25.900000000000006,92.58687258687253,85.40765476044926,85.40765476044926,False,True,True,False
2024-06-17 00:00:00-04:00,132.99,133.73,129.58,130.98,285908668,133.73,106.94,120.335,26.789999999999992,79.46995147443076,89.43878405629061,89.43878405629061,False,True,True,False
2024-06-18 00:00:00-04:00,131.14,136.33,130.69,135.58,291995868,136.33,106.94,121.635,29.390000000000015,94.89622320517182,90.6124124069624,90.6124124069624,False,True,True,False
2024-06-20 00:00:00-04:00,139.8,140.76,129.52,130.78,508174371,140.76,106.94,123.85,33.81999999999999,40.98166765227681,83.65997813465516,83.65997813465516,False,True,True,False
2024-06-21 00:00:00-04:00,127.12,130.63,124.3,126.57,556811979,140.76,112.0,126.38,28.75999999999999,1.3212795549373977,68.83334000119339,68.83334000119339,False,True,True,False
2024-06-24 00:00:00-04:00,123.24,124.46,118.04,118.11,465484439,140.76,114.04,127.4,26.719999999999985,-69.53592814371267,36.14600353419633,36.14600353419633,False,False,False,False
2024-06-25 00:00:00-04:00,121.2,126.5,119.32,126.09,411392492,140.76,117.01,128.885,23.749999999999986,-23.536842105263066,2.0238554202054693,2.0238554202054693,False,False,False,False
2024-06-26 00:00:00-04:00,126.13,128.12,122.6,126.4,355252504,140.76,117.01,128.885,23.749999999999986,-20.926315789473573,-25.887061963220678,-25.887061963220678,False,False,False,False
2024-06-27 00:00:00-04:00,124.1,126.41,122.92,123.99,247638444,140.76,117.01,128.885,23.749999999999986,-41.221052631578935,-32.38164302875591,-32.38164302875591,False,False,False,False
2024-06-28 00:00:00-04:00,124.58,127.71,122.75,123.54,309719295,140.76,117.01,128.885,23.749999999999986,-45.01052631578937,-34.093465700178534,-34.093465700178534,False,False,False,False
2024-07-01 00:00:00-04:00,123.47,124.84,118.83,124.3,281803195,140.76,118.04,129.4,22.719999999999985,-44.8943661971832,-35.996450045300996,-35.996450045300996,False,False,False,False
2024-07-02 00:00:00-04:00,121.13,123.41,121.03,122.67,214601150,140.76,118.04,129.4,22.719999999999985,-59.24295774647895,-43.04796557120499,-43.04796557120499,True,False,False,True
2024-07-03 00:00:00-04:00,121.66,128.28,121.36,128.28,214557604,140.76,118.04,129.4,22.719999999999985,-9.859154929577512,-43.80780825302696,-43.80780825302696,True,False,False,True
2024-07-05 00:00:00-04:00,127.38,128.85,125.68,125.83,209133020,140.76,118.04,129.4,22.719999999999985,-31.426056338028257,-40.408055349641764,-40.408055349641764,True,False,False,True
2024-07-08 00:00:00-04:00,127.49,130.77,127.04,128.2,232400315,140.76,118.04,129.4,22.719999999999985,-10.563380281690298,-29.597026604068933,-29.597026604068933,False,False,False,False
2024-07-09 00:00:00-04:00,130.35,133.82,128.65,131.38,283648597,140.76,118.04,129.4,22.719999999999985,17.429577464788654,-19.65962441314563,-19.65962441314563,False,False,False,False
2024-07-10 00:00:00-04:00,134.03,135.1,132.42,134.91,246702913,140.76,118.04,129.4,22.719999999999985,48.50352112676052,-2.337636932707454,-2.337636932707454,False,False,False,False
